,version,ihl,tos,len,ip_flags,frag,ttl,proto,ip_options,time,sport,dport,dataofs,reserved,tcp_udp_flags,window,urgptr,tcp_udp_options,land,Avg_syn_flag,Avg_urg_flag,Avg_fin_flag,Avg_ack_flag,Avg_psh_flag,Avg_rst_flag,Avg_DNS_pkt,Avg_TCP_pkt,Avg_UDP_pkt,Avg_ICMP_pkt,Duration_window_flow,Avg_delta_time,Min_delta_time,Max_delta_time,StDev_delta_time,Avg_pkts_lenght,Min_pkts_lenght,Max_pkts_lenght,StDev_pkts_lenght,Avg_small_payload_pkt,Avg_payload,Min_payload,Max_payload,StDev_payload,Avg_DNS_over_TCP,label
0,4,5,0,69,0,0,64,6,0,1590913407.815113,58727,1883,8.0,0.0,2,502.0,0.0,3.0,0,0.0,0.0,0.0,0.0,1.0,0.0,0.0,1.0,0.0,0.0,0.0,0.0,0.0,0.0,0.0,83.0,83.0,83.0,0.0,1.0,17.0,17.0,17.0,0.0,0.0,-1
1,4,5,0,52,0,0,64,6,0,1590913407.815022,1883,58727,8.0,0.0,1,509.0,0.0,3.0,0,0.0,0.0,0.0,1.0,1.0,0.0,0.0,2.0,0.0,0.0,-9.1e-05,-9.1e-05,-9.1e-05,-9.1e-05,0.0,149.0,66.0,83.0,12.020815280171306,2.0,17.0,0.0,17.0,12.020815280171306,0.0,-1
2,4,5,0,68,0,0,64,6,0,1590913408.816777,58727,1883,8.0,0.0,2,502.0,0.0,3.0,0,0.0,0.0,0.0,1.0,2.0,0.0,0.0,3.0,0.0,0.0,1.0016639999999999,1.0016639999999999,-9.1e-05,1.001755,0.7084121003046179,231.0,66.0,83.0,9.539392014169456,3.0,33.0,0.0,17.0,9.539392014169456,0.0,-1
3,4,5,0,52,0,0,64,6,0,1590913408.816833,1883,58727,8.0,0.0,1,509.0,0.0,3.0,0,0.0,0.0,0.0,2.0,2.0,0.0,0.0,4.0,0.0,0.0,1.0017200000000002,1.0017200000000002,-9.1e-05,1.001755,0.5783736272119722,297.0,66.0,83.0,9.535023160258538,4.0,33.0,0.0,17.0,9.535023160258538,0.0,-1
4,4,5,0,69,0,0,64,6,0,1590913409.818486,58727,1883,8.0,0.0,2,502.0,0.0,3.0,0,0.0,0.0,0.0,2.0,3.0,0.0,0.0,5.0,0.0,0.0,2.003373,2.003373,-9.1e-05,1.001755,0.5783441822907734,380.0,66.0,83.0,9.137833441248533,5.0,50.0,0.0,17.0,9.137833441248533,0.0,-1
5,4,5,0,52,0,0,64,6,0,1590913409.818544,1883,58727,8.0,0.0,1,509.0,0.0,3.0,0,0.0,0.0,0.0,3.0,3.0,0.0,0.0,6.0,0.0,0.0,2.003431,2.003431,-9.1e-05,1.001755,0.5486516820494584,446.0,66.0,83.0,9.136009340333812,6.0,50.0,0.0,17.0,9.136009340333812,0.0,-1
6,4,5,0,69,0,0,64,6,0,1590913410.820174,58727,1883,8.0,0.0,2,502.0,0.0,3.0,0,0.0,0.0,0.0,3.0,4.0,0.0,0.0,7.0,0.0,0.0,3.005061,3.005061,-9.1e-05,1.001755,0.5486381713226851,529.0,66.0,83.0,8.96022958889527,7.0,67.0,0.0,17.0,8.96022958889527,0.0,-1
7,4,5,0,52,0,0,64,6,0,1590913410.8202279,1883,58727,8.0,0.0,1,509.0,0.0,3.0,0,0.0,0.0,0.0,4.0,4.0,0.0,0.0,8.0,0.0,0.0,3.005115,3.005115,-9.1e-05,1.001755,0.5354098395931316,595.0,66.0,83.0,8.959233066666878,8.0,67.0,0.0,17.0,8.959233066666878,0.0,-1
8,4,5,0,69,0,0,64,6,0,1590913411.821969,58727,1883,8.0,0.0,2,502.0,0.0,3.0,0,0.0,0.0,0.0,4.0,5.0,0.0,0.0,9.0,0.0,0.0,4.006856,4.006856,-9.1e-05,1.001755,0.5354180799711568,678.0,66.0,83.0,8.860022573334676,9.0,84.0,0.0,17.0,8.860022573334676,0.0,-1
9,4,5,0,52,0,0,64,6,0,1590913411.8220232,1883,58727,8.0,0.0,1,509.0,0.0,3.0,0,0.0,0.0,0.0,5.0,5.0,0.0,0.0,10.0,0.0,0.0,4.0069099999999995,4.0069099999999995,-9.1e-05,1.001755,0.5279256831794078,744.0,66.0,83.0,8.859395514869446,10.0,84.0,0.0,17.0,8.859395514869446,0.0,-1
10,4,5,0,69,0,0,64,6,0,1590913412.823751,58727,1883,8.0,0.0,2,502.0,0.0,3.0,0,0.0,0.0,0.0,5.0,6.0,0.0,0.0,11.0,0.0,0.0,5.0086379999999995,5.0086379999999995,-9.1e-05,1.001755,0.5279291877502343,827.0,66.0,83.0,8.795660086863087,11.0,101.0,0.0,17.0,8.795660086863087,0.0,-1
11,4,5,0,52,0,0,64,6,0,1590913412.823805,1883,58727,8.0,0.0,1,509.0,0.0,3.0,0,0.0,0.0,0.0,6.0,6.0,0.0,0.0,12.0,0.0,0.0,5.008692,5.008692,-9.1e-05,1.001755,0.5231053957625122,893.0,66.0,83.0,8.795229423162342,12.0,101.0,0.0,17.0,8.795229423162342,0.0,-1
12,4,5,0,68,0,0,64,6,0,1590913413.8254368,58727,1883,8.0,0.0,2,502.0,0.0,3.0,0,0.0,0.0,0.0,6.0,7.0,0.0,0.0,13.0,0.0,0.0,6.010324,6.010324,-9.1e-05,1.001755,0.5230993553523657,975.0,66.0,83.0,8.679477710861024,13.0,117.0,0.0,17.0,8.679477710861024,0.0,-1
13,4,5,0,52,0,0,64,6,0,1590913413.82549,1883,58727,8.0,0.0,1,509.0,0.0,3.0,0,0.0,0.0,0.0,7.0,7.0,0.0,0.0,14.0,0.0,0.0,6.010377,6.010377,-9.1e-05,1.001755,0.5197336941853626,1041.0,66.0,83.0,8.678950156797526,14.0,117.0,0.0,17.0,8.678950156797526,0.0,-1
14,4,5,0,69,0,0,64,6,0,1590913414.8272312,58727,1883,8.0,0.0,2,502.0,0.0,3.0,0,0.0,0.0,0.0,7.0,8.0,0.0,0.0,15.0,0.0,0.0,7.012117999999999,7.012117999999999,-9.1e-05,1.001755,0.5197374868621679,1124.0,66.0,83.0,8.65585406091216,15.0,134.0,0.0,17.0,8.65585406091216,0.0,-1
15,4,5,0,52,0,0,64,6,0,1590913414.827286,1883,58727,8.0,0.0,1,509.0,0.0,3.0,0,0.0,0.0,0.0,8.0,8.0,0.0,0.0,16.0,0.0,0.0,7.012173,7.012173,-9.1e-05,1.001755,0.5172552698163092,1190.0,66.0,83.0,8.655441448399191,16.0,134.0,0.0,17.0,8.655441448399191,0.0,-1
16,4,5,0,69,0,0,64,6,0,1590913415.8289099,58727,1883,8.0,0.0,2,502.0,0.0,3.0,0,0.0,0.0,0.0,8.0,9.0,0.0,0.0,17.0,0.0,0.0,8.013797,8.013797,-9.1e-05,1.001755,0.5172505485943563,1273.0,66.0,83.0,8.637725054529524,17.0,151.0,0.0,17.0,8.637725054529524,0.0,-1
17,4,5,0,52,0,0,64,6,0,1590913415.828964,1883,58727,8.0,0.0,1,509.0,0.0,3.0,0,0.0,0.0,0.0,9.0,9.0,0.0,0.0,18.0,0.0,0.0,8.013850999999999,8.013850999999999,-9.1e-05,1.001755,0.5153443901658142,1339.0,66.0,83.0,8.637394003019585,18.0,151.0,0.0,17.0,8.637394003019585,0.0,-1
18,4,5,0,69,0,0,64,6,0,1590913416.8305302,58727,1883,8.0,0.0,2,502.0,0.0,3.0,0,0.0,0.0,0.0,9.0,10.0,0.0,0.0,19.0,0.0,0.0,9.015417,9.015417,-9.1e-05,1.001755,0.5153374164937958,1422.0,66.0,83.0,8.623373649530398,19.0,168.0,0.0,17.0,8.623373649530398,0.0,-1
19,4,5,0,52,0,0,64,6,0,1590913416.830587,1883,58727,8.0,0.0,1,509.0,0.0,3.0,0,0.0,0.0,0.0,10.0,10.0,0.0,0.0,20.0,0.0,0.0,9.015474000000001,9.015474000000001,-9.1e-05,1.001755,0.5138274261812261,1488.0,66.0,83.0,8.623102384689753,20.0,168.0,0.0,17.0,8.623102384689753,0.0,1
20,4,5,0,69,0,0,64,6,0,1590913417.8322089,58727,1883,8.0,0.0,2,502.0,0.0,3.0,0,0.0,0.0,0.0,10.0,11.0,0.0,0.0,21.0,0.0,0.0,10.017096,10.017096,-9.1e-05,1.001755,0.5138247358055489,1571.0,66.0,83.0,8.611730648476227,21.0,185.0,0.0,17.0,8.611730648476227,0.0,1
21,4,5,0,52,0,0,64,6,0,1590913417.832259,1883,58727,8.0,0.0,1,509.0,0.0,3.0,0,0.0,0.0,0.0,11.0,11.0,0.0,0.0,22.0,0.0,0.0,10.017146,10.017146,-9.1e-05,1.001755,0.5125994369160461,1637.0,66.0,83.0,8.611504436392554,22.0,185.0,0.0,17.0,8.611504436392554,0.0,1
22,4,5,0,69,0,0,64,6,0,1590913418.834156,58727,1883,8.0,0.0,2,502.0,0.0,3.0,0,0.0,0.0,0.0,11.0,12.0,0.0,0.0,23.0,0.0,0.0,11.019043,11.019043,-9.1e-05,1.001897,0.5126100371864106,1720.0,66.0,83.0,8.602095525558294,23.0,202.0,0.0,17.0,8.602095525558294,0.0,1
23,4,5,0,52,0,0,64,6,0,1590913418.83421,1883,58727,8.0,0.0,1,509.0,0.0,3.0,0,0.0,0.0,0.0,12.0,12.0,0.0,0.0,24.0,0.0,0.0,11.019097,11.019097,-9.1e-05,1.001897,0.5115954289315882,1786.0,66.0,83.0,8.601904069634141,24.0,202.0,0.0,17.0,8.601904069634141,0.0,1
24,4,5,0,69,0,0,64,6,0,1590913419.835856,58727,1883,8.0,0.0,2,502.0,0.0,3.0,0,0.0,0.0,0.0,12.0,13.0,0.0,0.0,25.0,0.0,0.0,12.020743,12.020743,-9.1e-05,1.001897,0.5115935599072406,1869.0,66.0,83.0,8.59399014815974,25.0,219.0,0.0,17.0,8.59399014815974,0.0,1
25,4,5,0,52,0,0,64,6,0,1590913419.8359132,1883,58727,8.0,0.0,1,509.0,0.0,3.0,0,0.0,0.0,0.0,13.0,13.0,0.0,0.0,26.0,0.0,0.0,12.0208,12.0208,-9.1e-05,1.001897,0.5107396167992552,1935.0,66.0,83.0,8.593826048614561,26.0,219.0,0.0,17.0,8.593826048614561,0.0,1
26,4,5,0,69,0,0,64,6,0,1590913420.837569,58727,1883,8.0,0.0,2,502.0,0.0,3.0,0,0.0,0.0,0.0,13.0,14.0,0.0,0.0,27.0,0.0,0.0,13.022456,13.022456,-9.1e-05,1.001897,0.5107384301538133,2018.0,66.0,83.0,8.587077019445658,27.0,236.0,0.0,17.0,8.587077019445658,0.0,1
27,4,5,0,52,0,0,64,6,0,1590913420.837625,1883,58727,8.0,0.0,1,509.0,0.0,3.0,0,0.0,0.0,0.0,14.0,14.0,0.0,0.0,28.0,0.0,0.0,13.022511999999999,13.022511999999999,-9.1e-05,1.001897,0.5100099074310369,2084.0,66.0,83.0,8.586934827716451,28.0,236.0,0.0,17.0,8.586934827716451,0.0,1
28,4,5,0,69,0,0,64,6,0,1590913421.8393,58727,1883,8.0,0.0,2,502.0,0.0,3.0,0,0.0,0.0,0.0,14.0,15.0,0.0,0.0,29.0,0.0,0.0,14.024187,14.024187,-9.1e-05,1.001897,0.5100095827526042,2167.0,66.0,83.0,8.581111115717798,29.0,253.0,0.0,17.0,8.581111115717798,0.0,1
29,4,5,0,52,0,0,64,6,0,1590913421.839356,1883,58727,8.0,0.0,1,509.0,0.0,3.0,0,0.0,0.0,0.0,15.0,15.0,0.0,0.0,30.0,0.0,0.0,14.024242999999998,14.024242999999998,-9.1e-05,1.001897,0.5093807100441053,2233.0,66.0,83.0,8.580986734247602,30.0,253.0,0.0,17.0,8.580986734247602,0.0,1
30,4,5,0,69,0,0,64,6,0,1590913422.840764,58727,1883,8.0,0.0,2,502.0,0.0,3.0,0,0.0,0.0,0.0,15.0,16.0,0.0,0.0,31.0,0.0,0.0,15.025651000000002,15.025651000000002,-9.1e-05,1.001897,0.509371379246703,2316.0,66.0,83.0,8.575910246681676,31.0,270.0,0.0,17.0,8.575910246681676,0.0,1
31,4,5,0,52,0,0,64,6,0,1590913422.840819,1883,58727,8.0,0.0,1,509.0,0.0,3.0,0,0.0,0.0,0.0,16.0,16.0,0.0,0.0,32.0,0.0,0.0,15.025706,15.025706,-9.1e-05,1.001897,0.5088230598468994,2382.0,66.0,83.0,8.575800536317859,32.0,270.0,0.0,17.0,8.575800536317859,0.0,1
32,4,5,0,69,0,0,64,6,0,1590913423.842555,58727,1883,8.0,0.0,2,502.0,0.0,3.0,0,0.0,0.0,0.0,16.0,17.0,0.0,0.0,33.0,0.0,0.0,16.027442,16.027442,-9.1e-05,1.001897,0.5088253161758757,2465.0,66.0,83.0,8.571336128650131,33.0,287.0,0.0,17.0,8.571336128650131,0.0,1
33,4,5,0,52,0,0,64,6,0,1590913423.8426108,1883,58727,8.0,0.0,1,509.0,0.0,3.0,0,0.0,0.0,0.0,17.0,17.0,0.0,0.0,34.0,0.0,0.0,16.027498,16.027498,-9.1e-05,1.001897,0.5083429394860466,2531.0,66.0,83.0,8.571238644869737,34.0,287.0,0.0,17.0,8.571238644869737,0.0,1
34,4,5,0,69,0,0,64,6,0,1590913424.8442938,58727,1883,8.0,0.0,2,502.0,0.0,3.0,0,0.0,0.0,0.0,17.0,18.0,0.0,0.0,35.0,0.0,0.0,17.029181,17.029181,-9.1e-05,1.001897,0.5083433460809796,2614.0,66.0,83.0,8.567281910135273,35.0,304.0,0.0,17.0,8.567281910135273,0.0,1
35,4,5,0,52,0,0,64,6,0,1590913424.84435,1883,58727,8.0,0.0,1,509.0,0.0,3.0,0,0.0,0.0,0.0,18.0,18.0,0.0,0.0,36.0,0.0,0.0,17.029237,17.029237,-9.1e-05,1.001897,0.5079157152350289,2680.0,66.0,83.0,8.567194721542485,36.0,304.0,0.0,17.0,8.567194721542485,0.0,1
36,4,5,0,69,0,0,64,6,0,1590913425.8461301,58727,1883,8.0,0.0,2,502.0,0.0,3.0,0,0.0,0.0,0.0,18.0,19.0,0.0,0.0,37.0,0.0,0.0,18.031017000000002,18.031017000000002,-9.1e-05,1.001897,0.5079188093298476,2763.0,66.0,83.0,8.563663721581808,37.0,321.0,0.0,17.0,8.563663721581808,0.0,1
37,4,5,0,52,0,0,64,6,0,1590913425.846186,1883,58727,8.0,0.0,1,509.0,0.0,3.0,0,0.0,0.0,0.0,19.0,19.0,0.0,0.0,38.0,0.0,0.0,18.031073000000003,18.031073000000003,-9.1e-05,1.001897,0.5075371025289604,2829.0,66.0,83.0,8.563585282323313,38.0,321.0,0.0,17.0,8.563585282323313,0.0,1
38,4,5,0,69,0,0,64,6,0,1590913426.847826,58727,1883,8.0,0.0,2,502.0,0.0,3.0,0,0.0,0.0,0.0,19.0,20.0,0.0,0.0,39.0,0.0,0.0,19.032713,19.032713,-9.1e-05,1.001897,0.507536134923505,2912.0,66.0,83.0,8.560414812051222,39.0,338.0,0.0,17.0,8.560414812051222,0.0,1
39,4,5,0,52,0,0,64,6,0,1590913426.847879,1883,58727,8.0,0.0,1,509.0,0.0,3.0,0,0.0,0.0,0.0,20.0,20.0,0.0,0.0,40.0,0.0,0.0,19.032766,19.032766,-9.1e-05,1.001897,0.5071934095619522,2978.0,66.0,83.0,8.56034387039955,40.0,338.0,0.0,17.0,8.56034387039955,0.0,1
40,4,5,0,68,0,0,64,6,0,1590913427.849628,58727,1883,8.0,0.0,2,502.0,0.0,3.0,0,0.0,0.0,0.0,20.0,21.0,0.0,0.0,41.0,0.0,0.0,20.034515,20.034515,-9.1e-05,1.001897,0.5071952991226478,3060.0,66.0,83.0,8.534506715566447,41.0,354.0,0.0,17.0,8.534506715566447,0.0,1
41,4,5,0,52,0,0,64,6,0,1590913427.849684,1883,58727,8.0,0.0,1,509.0,0.0,3.0,0,0.0,0.0,0.0,21.0,21.0,0.0,0.0,42.0,0.0,0.0,20.034571,20.034571,-9.1e-05,1.001897,0.5068857380107172,3126.0,66.0,83.0,8.534414855969793,42.0,354.0,0.0,17.0,8.534414855969793,0.0,1
42,4,5,0,69,0,0,64,6,0,1590913428.85131,58727,1883,8.0,0.0,2,502.0,0.0,3.0,0,0.0,0.0,0.0,21.0,22.0,0.0,0.0,43.0,0.0,0.0,21.036197,21.036197,-9.1e-05,1.001897,0.5068844824379959,3209.0,66.0,83.0,8.532914579980037,43.0,371.0,0.0,17.0,8.532914579980037,0.0,1
43,4,5,0,52,0,0,64,6,0,1590913428.851362,1883,58727,8.0,0.0,1,509.0,0.0,3.0,0,0.0,0.0,0.0,22.0,22.0,0.0,0.0,44.0,0.0,0.0,21.036248999999998,21.036248999999998,-9.1e-05,1.001897,0.5066036467797705,3275.0,66.0,83.0,8.532830516149735,44.0,371.0,0.0,17.0,8.532830516149735,0.0,1
44,4,5,0,69,0,0,64,6,0,1590913429.852177,58727,1883,8.0,0.0,2,502.0,0.0,3.0,0,0.0,0.0,0.0,22.0,23.0,0.0,0.0,45.0,0.0,0.0,22.037064,22.037064,-9.1e-05,1.001897,0.5065838772427359,3358.0,66.0,83.0,8.531462863182291,45.0,388.0,0.0,17.0,8.531462863182291,0.0,1
45,4,5,0,52,0,0,64,6,0,1590913429.852234,1883,58727,8.0,0.0,1,509.0,0.0,3.0,0,0.0,0.0,0.0,23.0,23.0,0.0,0.0,46.0,0.0,0.0,22.037121,22.037121,-9.1e-05,1.001897,0.5063277688859982,3424.0,66.0,83.0,8.531385647290945,46.0,388.0,0.0,17.0,8.531385647290945,0.0,1
46,4,5,0,69,0,0,64,6,0,1590913430.8539221,58727,1883,8.0,0.0,2,502.0,0.0,3.0,0,0.0,0.0,0.0,23.0,24.0,0.0,0.0,47.0,0.0,0.0,23.038809,23.038809,-9.1e-05,1.001897,0.506328900422906,3507.0,66.0,83.0,8.53013377612965,47.0,405.0,0.0,17.0,8.530133776129652,0.0,1
47,4,5,0,52,0,0,64,6,0,1590913430.853972,1883,58727,8.0,0.0,1,509.0,0.0,3.0,0,0.0,0.0,0.0,24.0,24.0,0.0,0.0,48.0,0.0,0.0,23.038859,23.038859,-9.1e-05,1.001897,0.5060946218447809,3573.0,66.0,83.0,8.530062607338023,48.0,405.0,0.0,17.0,8.530062607338023,0.0,1
48,4,5,0,68,0,0,64,6,0,1590913431.85569,58727,1883,8.0,0.0,2,502.0,0.0,3.0,0,0.0,0.0,0.0,24.0,25.0,0.0,0.0,49.0,0.0,0.0,24.040577,24.040577,-9.1e-05,1.001897,0.5060962902953787,3655.0,66.0,83.0,8.50959842214205,49.0,421.0,0.0,17.0,8.50959842214205,0.0,1
49,4,5,0,52,0,0,64,6,0,1590913431.855744,1883,58727,8.0,0.0,1,509.0,0.0,3.0,0,0.0,0.0,0.0,25.0,25.0,0.0,0.0,50.0,0.0,0.0,24.040631,24.040631,-9.1e-05,1.001897,0.5058809594021615,3721.0,66.0,83.0,8.50951448290053,50.0,421.0,0.0,17.0,8.50951448290053,0.0,1
50,4,5,0,69,0,0,64,6,0,1590913432.857492,58727,1883,8.0,0.0,2,502.0,0.0,3.0,0,0.0,0.0,0.0,25.0,26.0,0.0,0.0,51.0,0.0,0.0,25.042379,25.042379,-9.1e-05,1.001897,0.5058830999139369,3804.0,66.0,83.0,8.509233738917354,51.0,438.0,0.0,17.0,8.509233738917354,0.0,1
51,4,5,0,52,0,0,64,6,0,1590913432.857545,1883,58727,8.0,0.0,1,509.0,0.0,3.0,0,0.0,0.0,0.0,26.0,26.0,0.0,0.0,52.0,0.0,0.0,25.042432,25.042432,-9.1e-05,1.001897,0.5056845951053223,3870.0,66.0,83.0,8.509155746804648,52.0,438.0,0.0,17.0,8.509155746804648,0.0,1
52,4,5,0,69,0,0,64,6,0,1590913433.859102,58727,1883,8.0,0.0,2,502.0,0.0,3.0,0,0.0,0.0,0.0,26.0,27.0,0.0,0.0,53.0,0.0,0.0,26.043989,26.043989,-9.1e-05,1.001897,0.5056828612186214,3953.0,66.0,83.0,8.508895712190206,53.0,455.0,0.0,17.0,8.508895712190206,0.0,1
53,4,5,0,52,0,0,64,6,0,1590913433.8591561,1883,58727,8.0,0.0,1,509.0,0.0,3.0,0,0.0,0.0,0.0,27.0,27.0,0.0,0.0,54.0,0.0,0.0,26.044043,26.044043,-9.1e-05,1.001897,0.5054992504911495,4019.0,66.0,83.0,8.508823060870519,54.0,455.0,0.0,17.0,8.508823060870519,0.0,1
54,4,5,0,69,0,0,64,6,0,1590913434.859898,58727,1883,8.0,0.0,2,502.0,0.0,3.0,0,0.0,0.0,0.0,27.0,28.0,0.0,0.0,55.0,0.0,0.0,27.044784999999997,27.044784999999997,-9.1e-05,1.001897,0.5054824257579279,4102.0,66.0,83.0,8.508581526668214,55.0,472.0,0.0,17.0,8.508581526668214,0.0,1
55,4,5,0,52,0,0,64,6,0,1590913434.8599539,1883,58727,8.0,0.0,1,509.0,0.0,3.0,0,0.0,0.0,0.0,28.0,28.0,0.0,0.0,56.0,0.0,0.0,27.044840999999998,27.044840999999998,-9.1e-05,1.001897,0.5053120782930782,4168.0,66.0,83.0,8.508513688935642,56.0,472.0,0.0,17.0,8.508513688935642,0.0,1
56,4,5,0,69,0,0,64,6,0,1590913435.861581,58727,1883,8.0,0.0,2,502.0,0.0,3.0,0,0.0,0.0,0.0,28.0,29.0,0.0,0.0,57.0,0.0,0.0,28.046468,28.046468,-9.1e-05,1.001897,0.5053123933867126,4251.0,66.0,83.0,8.508288749425999,57.0,489.0,0.0,17.0,8.508288749425999,0.0,1
57,4,5,0,52,0,0,64,6,0,1590913435.8616369,1883,58727,8.0,0.0,1,509.0,0.0,3.0,0,0.0,0.0,0.0,29.0,29.0,0.0,0.0,58.0,0.0,0.0,28.046523999999998,28.046523999999998,-9.1e-05,1.001897,0.5051539484920045,4317.0,66.0,83.0,8.508225264806098,58.0,489.0,0.0,17.0,8.508225264806098,0.0,1
58,4,5,0,69,0,0,64,6,0,1590913436.863215,58727,1883,8.0,0.0,2,502.0,0.0,3.0,0,0.0,0.0,0.0,29.0,30.0,0.0,0.0,59.0,0.0,0.0,29.048102,29.048102,-9.1e-05,1.001897,0.505153389569265,4400.0,66.0,83.0,8.508015267220605,59.0,506.0,0.0,17.0,8.508015267220605,0.0,1
59,4,5,0,52,0,0,64,6,0,1590913436.863271,1883,58727,8.0,0.0,1,509.0,0.0,3.0,0,0.0,0.0,0.0,30.0,30.0,0.0,0.0,60.0,0.0,0.0,29.048158,29.048158,-9.1e-05,1.001897,0.5050056420937332,4466.0,66.0,83.0,8.507955731811448,60.0,506.0,0.0,17.0,8.507955731811448,0.0,1
60,4,5,0,196,0,0,1,17,0,1590913437.669413,42500,1900,8.0,0.0,0,505.5,0.0,3.0,0,0.0,0.0,0.0,30.0,30.0,0.0,0.0,60.0,1.0,0.0,29.8543,29.8543,-9.1e-05,1.001897,0.5023438283482896,4676.0,66.0,210.0,19.299296399870503,60.0,506.0,0.0,17.0,8.507955731811448,0.0,1
61,4,5,0,69,0,0,64,6,0,1590913437.8641279,58727,1883,8.0,0.0,2,502.0,0.0,3.0,0,0.0,0.0,0.0,30.0,31.0,0.0,0.0,61.0,1.0,0.0,30.049015,30.049015,-9.1e-05,1.001897,0.4996470172275897,4759.0,66.0,210.0,19.157402784260512,61.0,523.0,0.0,17.0,8.507759235727981,0.0,1
62,4,5,0,52,0,0,64,6,0,1590913437.864181,1883,58727,8.0,0.0,1,509.0,0.0,3.0,0,0.0,0.0,0.0,31.0,31.0,0.0,0.0,62.0,1.0,0.0,30.049068,30.049068,-9.1e-05,1.001897,0.4994673344015358,4825.0,66.0,210.0,19.05055660911921,62.0,523.0,0.0,17.0,8.507703293827374,0.0,1
63,4,5,0,196,0,0,1,17,0,1590913438.66984,42500,1900,8.0,0.0,0,505.5,0.0,3.0,0,0.0,0.0,0.0,31.0,31.0,0.0,0.0,62.0,2.0,0.0,30.854727,30.854727,-9.1e-05,1.001897,0.4970709041842738,5035.0,66.0,210.0,25.204594370490323,62.0,523.0,0.0,17.0,8.507703293827374,0.0,1
64,4,5,0,54,0,0,64,6,0,1590913438.866253,58727,1883,8.0,0.0,2,502.0,0.0,3.0,0,0.0,0.0,0.0,31.0,32.0,0.0,0.0,63.0,2.0,0.0,31.051140000000004,31.051140000000004,-9.1e-05,1.001897,0.4944715711553309,5103.0,66.0,210.0,25.04191678274341,63.0,525.0,0.0,17.0,8.477674665964452,0.0,1
65,4,5,0,52,0,0,64,6,0,1590913438.866302,1883,58727,8.0,0.0,1,509.0,0.0,3.0,0,0.0,0.0,0.0,32.0,32.0,0.0,0.0,64.0,2.0,0.0,31.051189,31.051189,-9.1e-05,1.001897,0.49426966479667,5169.0,66.0,210.0,24.896190064350805,64.0,525.0,0.0,17.0,8.47438659577218,0.0,1
66,4,5,0,69,0,0,64,6,0,1590913438.866343,58727,1883,8.0,0.0,2,502.0,0.0,3.0,0,0.0,0.0,0.0,32.0,33.0,0.0,0.0,65.0,2.0,0.0,31.05123,31.05123,-9.1e-05,1.001897,0.4939646709659402,5252.0,66.0,210.0,24.713482532930737,65.0,542.0,0.0,17.0,8.478422839547097,0.0,1
67,4,5,0,52,0,0,64,6,0,1590913438.866363,1883,58727,8.0,0.0,1,509.0,0.0,3.0,0,0.0,0.0,0.0,33.0,33.0,0.0,0.0,66.0,2.0,0.0,31.05125,31.05125,-9.1e-05,1.001897,0.4935660907324574,5318.0,66.0,210.0,24.57432152297009,66.0,542.0,0.0,17.0,8.475330992429466,0.0,1
68,4,5,0,54,0,0,64,6,0,1590913438.866688,1883,58727,8.0,0.0,2,509.0,0.0,3.0,0,0.0,0.0,0.0,33.0,34.0,0.0,0.0,67.0,2.0,0.0,31.051575,31.051575,-9.1e-05,1.001897,0.4930778451272992,5386.0,66.0,210.0,24.423881790268922,67.0,544.0,0.0,17.0,8.445049451852451,0.0,1
69,4,5,0,52,0,0,64,6,0,1590913438.866703,58727,1883,8.0,0.0,1,502.0,0.0,3.0,0,0.0,0.0,0.0,34.0,34.0,0.0,0.0,68.0,2.0,0.0,31.05159,31.05159,-9.1e-05,1.001897,0.4925162179718622,5452.0,66.0,210.0,24.28904617260948,68.0,544.0,0.0,17.0,8.439424186342036,0.0,1
70,4,5,0,196,0,0,1,17,0,1590913439.670745,42500,1900,8.0,0.0,0,505.5,0.0,3.0,0,0.0,0.0,0.0,34.0,34.0,0.0,0.0,68.0,3.0,0.0,31.855632,31.855632,-9.1e-05,1.001897,0.4907617607162311,5662.0,66.0,210.0,28.76392498046277,68.0,544.0,0.0,17.0,8.439424186342036,0.0,1
71,4,5,0,69,0,0,64,6,0,1590913439.8680801,58727,1883,8.0,0.0,2,502.0,0.0,3.0,0,0.0,0.0,0.0,34.0,35.0,0.0,0.0,69.0,3.0,0.0,32.052966999999995,32.052966999999995,-9.1e-05,1.001897,0.4882029342023506,5745.0,66.0,210.0,28.563217507245174,69.0,561.0,0.0,17.0,8.446915628305607,0.0,1
72,4,5,0,52,0,0,64,6,0,1590913439.868138,1883,58727,8.0,0.0,1,509.0,0.0,3.0,0,0.0,0.0,0.0,35.0,35.0,0.0,0.0,70.0,3.0,0.0,32.053025,32.053025,-9.1e-05,1.001897,0.4876628997803437,5811.0,66.0,210.0,28.41006263731773,70.0,561.0,0.0,17.0,8.441603077963327,0.0,1
73,4,5,0,196,0,0,1,17,0,1590913440.67175,42500,1900,8.0,0.0,0,505.5,0.0,3.0,0,0.0,0.0,0.0,35.0,35.0,0.0,0.0,70.0,4.0,0.0,32.856637,32.856637,-9.1e-05,1.001897,0.4860782018809592,6021.0,66.0,210.0,32.028914301789115,70.0,561.0,0.0,17.0,8.441603077963327,0.0,1
74,4,5,0,69,0,0,64,6,0,1590913440.869867,58727,1883,8.0,0.0,2,502.0,0.0,3.0,0,0.0,0.0,0.0,35.0,36.0,0.0,0.0,71.0,4.0,0.0,33.054753999999996,33.054753999999996,-9.1e-05,1.001897,0.4836252680364174,6104.0,66.0,210.0,31.81232692124461,71.0,578.0,0.0,17.0,8.448661389572546,0.0,1
75,4,5,0,52,0,0,64,6,0,1590913440.869917,1883,58727,8.0,0.0,1,509.0,0.0,3.0,0,0.0,0.0,0.0,36.0,36.0,0.0,0.0,72.0,4.0,0.0,33.054804,33.054804,-9.1e-05,1.001897,0.4831070891017503,6170.0,66.0,210.0,31.648785348494624,72.0,578.0,0.0,17.0,8.443636193919884,0.0,1
76,4,5,0,69,0,0,64,6,0,1590913441.871928,58727,1883,8.0,0.0,2,502.0,0.0,3.0,0,0.0,0.0,0.0,36.0,37.0,0.0,0.0,73.0,4.0,0.0,34.056815,34.056815,-9.1e-05,1.002011,0.4841753450154601,6253.0,66.0,210.0,31.440561156744504,73.0,595.0,0.0,17.0,8.450297879162331,0.0,1
77,4,5,0,52,0,0,64,6,0,1590913441.871984,1883,58727,8.0,0.0,1,509.0,0.0,3.0,0,0.0,0.0,0.0,37.0,37.0,0.0,0.0,74.0,4.0,0.0,34.056871,34.056871,-9.1e-05,1.002011,0.4836821877173333,6319.0,66.0,210.0,31.28316155915507,74.0,595.0,0.0,17.0,8.445537346650978,0.0,1
78,4,5,0,69,0,0,64,6,0,1590913442.873611,58727,1883,8.0,0.0,2,502.0,0.0,3.0,0,0.0,0.0,0.0,37.0,38.0,0.0,0.0,75.0,4.0,0.0,35.058498,35.058498,-9.1e-05,1.002011,0.4846865633929914,6402.0,66.0,210.0,31.082785671111818,75.0,612.0,0.0,17.0,8.45183491991612,0.0,1
79,4,5,0,52,0,0,64,6,0,1590913442.873662,1883,58727,8.0,0.0,1,509.0,0.0,3.0,0,0.0,0.0,0.0,38.0,38.0,0.0,0.0,76.0,4.0,0.0,35.058549,35.058549,-9.1e-05,1.002011,0.4842167995905954,6468.0,66.0,210.0,30.931160806874992,76.0,612.0,0.0,17.0,8.447318685976997,0.0,1
80,4,5,0,69,0,0,64,6,0,1590913443.874501,58727,1883,8.0,0.0,2,502.0,0.0,3.0,0,0.0,0.0,0.0,38.0,39.0,0.0,0.0,77.0,4.0,0.0,36.059388,36.059388,-9.1e-05,1.002011,0.485156606408357,6551.0,66.0,210.0,30.738161426819826,77.0,629.0,0.0,17.0,8.453281202559277,0.0,1
81,4,5,0,52,0,0,64,6,0,1590913443.874556,1883,58727,8.0,0.0,1,509.0,0.0,3.0,0,0.0,0.0,0.0,39.0,39.0,0.0,0.0,78.0,4.0,0.0,36.059443,36.059443,-9.1e-05,1.002011,0.4847085352429242,6617.0,66.0,210.0,30.591973862432603,78.0,629.0,0.0,17.0,8.448990938890152,0.0,1
82,4,5,0,69,0,0,64,6,0,1590913444.876018,58727,1883,8.0,0.0,2,502.0,0.0,3.0,0,0.0,0.0,0.0,39.0,40.0,0.0,0.0,79.0,4.0,0.0,37.060905,37.060905,-9.1e-05,1.002011,0.4856085259299634,6700.0,66.0,210.0,30.40591777005454,79.0,646.0,0.0,17.0,8.454644443040044,0.0,1
83,4,5,0,52,0,0,64,6,0,1590913444.876074,1883,58727,8.0,0.0,1,509.0,0.0,3.0,0,0.0,0.0,0.0,40.0,40.0,0.0,0.0,80.0,4.0,0.0,37.060961,37.060961,-9.1e-05,1.002011,0.4851807014158378,6766.0,66.0,210.0,30.2648568562256,80.0,646.0,0.0,17.0,8.450563609396456,0.0,1
84,4,5,0,69,0,0,64,6,0,1590913445.877801,58727,1883,8.0,0.0,2,502.0,0.0,3.0,0,0.0,0.0,0.0,40.0,41.0,0.0,0.0,81.0,4.0,0.0,38.062688,38.062688,-9.1e-05,1.002011,0.4860389866296145,6849.0,66.0,210.0,30.08534545596048,81.0,663.0,0.0,17.0,8.45593151449193,0.0,1
85,4,5,0,52,0,0,64,6,0,1590913445.877856,1883,58727,8.0,0.0,1,509.0,0.0,3.0,0,0.0,0.0,0.0,41.0,41.0,0.0,0.0,82.0,4.0,0.0,38.062743,38.062743,-9.1e-05,1.002011,0.4856300874080026,6915.0,66.0,210.0,29.94912466833468,82.0,663.0,0.0,17.0,8.45204514590695,0.0,1
86,4,5,0,69,0,0,64,6,0,1590913446.878517,58727,1883,8.0,0.0,2,502.0,0.0,3.0,0,0.0,0.0,0.0,41.0,42.0,0.0,0.0,83.0,4.0,0.0,39.063404,39.063404,-9.1e-05,1.002011,0.4864321164086165,6998.0,66.0,210.0,29.775790520982397,83.0,680.0,0.0,17.0,8.45714855844696,0.0,1
87,4,5,0,52,0,0,64,6,0,1590913446.878576,1883,58727,8.0,0.0,1,509.0,0.0,3.0,0,0.0,0.0,0.0,42.0,42.0,0.0,0.0,84.0,4.0,0.0,39.063463,39.063463,-9.1e-05,1.002011,0.4860408845657226,7064.0,66.0,210.0,29.64414511506321,84.0,680.0,0.0,17.0,8.453443082119122,0.0,1
88,4,5,0,68,0,0,64,6,0,1590913447.8801382,58727,1883,8.0,0.0,2,502.0,0.0,3.0,0,0.0,0.0,0.0,42.0,43.0,0.0,0.0,85.0,4.0,0.0,40.065025,40.065025,-9.1e-05,1.002011,0.4868161058097814,7146.0,66.0,210.0,29.475799876258662,85.0,696.0,0.0,17.0,8.446602751356059,0.0,1
89,4,5,0,52,0,0,64,6,0,1590913447.880195,1883,58727,8.0,0.0,1,509.0,0.0,3.0,0,0.0,0.0,0.0,43.0,43.0,0.0,0.0,86.0,4.0,0.0,40.065082000000004,40.065082000000004,-9.1e-05,1.002011,0.4864414688480249,7212.0,66.0,210.0,29.348429891199487,86.0,696.0,0.0,17.0,8.443065942955785,0.0,1
90,4,5,0,69,0,0,64,6,0,1590913448.881814,58727,1883,8.0,0.0,2,502.0,0.0,3.0,0,0.0,0.0,0.0,43.0,44.0,0.0,0.0,87.0,4.0,0.0,41.066701,41.066701,-9.1e-05,1.002011,0.4871811186805453,7295.0,66.0,210.0,29.186474697200165,87.0,713.0,0.0,17.0,8.447979090194693,0.0,1
91,4,5,0,52,0,0,64,6,0,1590913448.881867,1883,58727,8.0,0.0,1,509.0,0.0,3.0,0,0.0,0.0,0.0,44.0,44.0,0.0,0.0,88.0,4.0,0.0,41.066753999999996,41.066753999999996,-9.1e-05,1.002011,0.4868220666644823,7361.0,66.0,210.0,29.063210597326613,88.0,713.0,0.0,17.0,8.444599406908281,0.0,1
92,4,5,0,69,0,0,64,6,0,1590913449.8835142,58727,1883,8.0,0.0,2,502.0,0.0,3.0,0,0.0,0.0,0.0,44.0,45.0,0.0,0.0,89.0,4.0,0.0,42.068401,42.068401,-9.1e-05,1.002011,0.4875282278293882,7444.0,66.0,210.0,28.90648865720313,89.0,730.0,0.0,17.0,8.449286918918203,0.0,1
93,4,5,0,52,0,0,64,6,0,1590913449.88357,1883,58727,8.0,0.0,1,509.0,0.0,3.0,0,0.0,0.0,0.0,45.0,45.0,0.0,0.0,90.0,4.0,0.0,42.068457,42.068457,-9.1e-05,1.002011,0.4871837421226071,7510.0,66.0,210.0,28.787119313842158,90.0,730.0,0.0,17.0,8.446054120844519,0.0,1
94,4,5,0,69,0,0,64,6,0,1590913450.885355,58727,1883,8.0,0.0,2,502.0,0.0,3.0,0,0.0,0.0,0.0,45.0,46.0,0.0,0.0,91.0,4.0,0.0,43.070242,43.070242,-9.1e-05,1.002011,0.4878599779259294,7593.0,66.0,210.0,28.635360563123132,91.0,747.0,0.0,17.0,8.450531191083636,0.0,1
95,4,5,0,52,0,0,64,6,0,1590913450.885411,1883,58727,8.0,0.0,1,509.0,0.0,3.0,0,0.0,0.0,0.0,46.0,46.0,0.0,0.0,92.0,4.0,0.0,43.070298,43.070298,-9.1e-05,1.002011,0.4875292180197089,7659.0,66.0,210.0,28.51968964362027,92.0,747.0,0.0,17.0,8.447435908917,0.0,1
96,4,5,0,69,0,0,64,6,0,1590913451.8869581,58727,1883,8.0,0.0,2,502.0,0.0,3.0,0,0.0,0.0,0.0,46.0,47.0,0.0,0.0,93.0,4.0,0.0,44.071845,44.071845,-9.1e-05,1.002011,0.4881730879096644,7742.0,66.0,210.0,28.372643036069693,93.0,764.0,0.0,17.0,8.451716396769706,0.0,1
97,4,5,0,52,0,0,64,6,0,1590913451.8870132,1883,58727,8.0,0.0,1,509.0,0.0,3.0,0,0.0,0.0,0.0,47.0,47.0,0.0,0.0,94.0,4.0,0.0,44.0719,44.0719,-9.1e-05,1.002011,0.4878552643940643,7808.0,66.0,210.0,28.260487702069952,94.0,764.0,0.0,17.0,8.448750041231449,0.0,1
98,4,5,0,69,0,0,64,6,0,1590913452.888659,58727,1883,8.0,0.0,2,502.0,0.0,3.0,0,0.0,0.0,0.0,47.0,48.0,0.0,0.0,95.0,4.0,0.0,45.073546,45.073546,-9.1e-05,1.002011,0.4884727078819087,7891.0,66.0,210.0,28.11791952606987,95.0,781.0,0.0,17.0,8.452846615280308,0.0,1
99,4,5,0,52,0,0,64,6,0,1590913452.888716,1883,58727,8.0,0.0,1,509.0,0.0,3.0,0,0.0,0.0,0.0,48.0,48.0,0.0,0.0,96.0,4.0,0.0,45.073603000000006,45.073603000000006,-9.1e-05,1.002011,0.4881670489202478,7957.0,66.0,210.0,28.009109268596927,96.0,781.0,0.0,17.0,8.450001297622658,0.0,1
100,4,5,0,69,0,0,64,6,0,1590913453.89044,58727,1883,8.0,0.0,2,502.0,0.0,3.0,0,0.0,0.0,0.0,48.0,49.0,0.0,0.0,97.0,4.0,0.0,46.075327,46.075327,-9.1e-05,1.002011,0.4887594894520116,8040.0,66.0,210.0,27.870801641833268,97.0,798.0,0.0,17.0,8.453925560845455,0.0,1
101,4,5,0,52,0,0,64,6,0,1590913453.890497,1883,58727,8.0,0.0,1,509.0,0.0,3.0,0,0.0,0.0,0.0,49.0,49.0,0.0,0.0,98.0,4.0,0.0,46.075384,46.075384,-9.1e-05,1.002011,0.4884653280534389,8106.0,66.0,210.0,27.765177236554532,98.0,798.0,0.0,17.0,8.451194022880504,0.0,1
102,4,5,0,69,0,0,64,6,0,1590913454.891165,58727,1883,8.0,0.0,2,502.0,0.0,3.0,0,0.0,0.0,0.0,49.0,50.0,0.0,0.0,99.0,4.0,0.0,47.076052000000004,47.076052000000004,-9.1e-05,1.002011,0.4890219118593036,8189.0,66.0,210.0,27.630926757149783,99.0,815.0,0.0,17.0,8.454956622377875,0.0,1
103,4,5,0,52,0,0,64,6,0,1590913454.891203,1883,58727,8.0,0.0,1,509.0,0.0,3.0,0,0.0,0.0,0.0,50.0,50.0,0.0,0.0,100.0,4.0,0.0,47.07609,47.07609,-9.1e-05,1.002011,0.4887387984309973,8255.0,66.0,210.0,27.528339325491785,100.0,815.0,0.0,17.0,8.452332174726642,0.0,1
104,4,5,0,69,0,0,64,6,0,1590913455.892014,58727,1883,8.0,0.0,2,502.0,0.0,3.0,0,0.0,0.0,0.0,50.0,51.0,0.0,0.0,101.0,4.0,0.0,48.076901,48.076901,-9.1e-05,1.002011,0.4892745387449027,8338.0,66.0,210.0,27.39795586075693,101.0,832.0,0.0,17.0,8.455942898165151,0.0,1
105,4,5,0,52,0,0,64,6,0,1590913455.8920689,1883,58727,8.0,0.0,1,509.0,0.0,3.0,0,0.0,0.0,0.0,51.0,51.0,0.0,0.0,102.0,4.0,0.0,48.076956,48.076956,-9.1e-05,1.002011,0.4890015474177628,8404.0,66.0,210.0,27.29826602446569,102.0,832.0,0.0,17.0,8.45341936562203,0.0,1
106,4,5,0,68,0,0,64,6,0,1590913456.89394,58727,1883,8.0,0.0,2,502.0,0.0,3.0,0,0.0,0.0,0.0,51.0,52.0,0.0,0.0,103.0,4.0,0.0,49.078827000000004,49.078827000000004,-9.1e-05,1.002011,0.4895272782888254,8486.0,66.0,210.0,27.170465102148015,103.0,848.0,0.0,17.0,8.447303646256696,0.0,1
107,4,5,0,52,0,0,64,6,0,1590913456.8939939,1883,58727,8.0,0.0,1,509.0,0.0,3.0,0,0.0,0.0,0.0,52.0,52.0,0.0,0.0,104.0,4.0,0.0,49.078881,49.078881,-9.1e-05,1.002011,0.4892640176808328,8552.0,66.0,210.0,27.073506085121053,104.0,848.0,0.0,17.0,8.44487462272693,0.0,1
108,4,5,0,69,0,0,64,6,0,1590913457.895743,58727,1883,8.0,0.0,2,502.0,0.0,3.0,0,0.0,0.0,0.0,52.0,53.0,0.0,0.0,105.0,4.0,0.0,50.08063,50.08063,-9.1e-05,1.002011,0.4897681648616345,8635.0,66.0,210.0,26.950351402287172,105.0,865.0,0.0,17.0,8.448399722755658,0.0,1
109,4,5,0,52,0,0,64,6,0,1590913457.895799,1883,58727,8.0,0.0,1,509.0,0.0,3.0,0,0.0,0.0,0.0,53.0,53.0,0.0,0.0,106.0,4.0,0.0,50.080686,50.080686,-9.1e-05,1.002011,0.4895141003220649,8701.0,66.0,210.0,26.85603822217316,106.0,865.0,0.0,17.0,8.446060555304078,0.0,1
110,4,5,0,69,0,0,64,6,0,1590913458.8974369,58727,1883,8.0,0.0,2,502.0,0.0,3.0,0,0.0,0.0,0.0,53.0,54.0,0.0,0.0,107.0,4.0,0.0,51.082324,51.082324,-9.1e-05,1.002011,0.4899980059839961,8784.0,66.0,210.0,26.736249307392143,107.0,882.0,0.0,17.0,8.44945138499885,0.0,1
111,4,5,0,52,0,0,64,6,0,1590913458.897489,1883,58727,8.0,0.0,1,509.0,0.0,3.0,0,0.0,0.0,0.0,54.0,54.0,0.0,0.0,108.0,4.0,0.0,51.082376000000004,51.082376000000004,-9.1e-05,1.002011,0.4897527161593894,8850.0,66.0,210.0,26.644466708448228,108.0,882.0,0.0,17.0,8.44719717935576,0.0,1
112,4,5,0,68,0,0,64,6,0,1590913459.898592,58727,1883,8.0,0.0,2,502.0,0.0,3.0,0,0.0,0.0,0.0,54.0,55.0,0.0,0.0,109.0,4.0,0.0,52.083479,52.083479,-9.1e-05,1.002011,0.4902133346739266,8932.0,66.0,210.0,26.52673495757594,109.0,898.0,0.0,17.0,8.441409267293043,0.0,1
113,4,5,0,52,0,0,64,6,0,1590913459.898648,1883,58727,8.0,0.0,1,509.0,0.0,3.0,0,0.0,0.0,0.0,55.0,55.0,0.0,0.0,110.0,4.0,0.0,52.083535,52.083535,-9.1e-05,1.002011,0.4899763124379308,8998.0,66.0,210.0,26.43734262222096,110.0,898.0,0.0,17.0,8.43923479370332,0.0,1
114,4,5,0,69,0,0,64,6,0,1590913460.899401,58727,1883,8.0,0.0,2,502.0,0.0,3.0,0,0.0,0.0,0.0,55.0,56.0,0.0,0.0,111.0,4.0,0.0,53.084288,53.084288,-9.1e-05,1.002011,0.4904167227090007,9081.0,66.0,210.0,26.32387030773861,111.0,915.0,0.0,17.0,8.442550472260058,0.0,1
115,4,5,0,52,0,0,64,6,0,1590913460.899458,1883,58727,8.0,0.0,1,509.0,0.0,3.0,0,0.0,0.0,0.0,56.0,56.0,0.0,0.0,112.0,4.0,0.0,53.08434499999999,53.08434499999999,-9.1e-05,1.002011,0.4901875835362293,9147.0,66.0,210.0,26.23679935090997,112.0,915.0,0.0,17.0,8.440452138584302,0.0,1
116,4,5,0,69,0,0,64,6,0,1590913461.901185,58727,1883,8.0,0.0,2,502.0,0.0,3.0,0,0.0,0.0,0.0,56.0,57.0,0.0,0.0,113.0,4.0,0.0,54.086071999999994,54.086071999999994,-9.1e-05,1.002011,0.4906214323090156,9230.0,66.0,210.0,26.126277489893717,113.0,932.0,0.0,17.0,8.443648260940764,0.0,1
117,4,5,0,52,0,0,64,6,0,1590913461.90124,1883,58727,8.0,0.0,1,509.0,0.0,3.0,0,0.0,0.0,0.0,57.0,57.0,0.0,0.0,114.0,4.0,0.0,54.086127000000005,54.086127000000005,-9.1e-05,1.002011,0.4903998066751629,9296.0,66.0,210.0,26.04143168081725,114.0,932.0,0.0,17.0,8.44162213790721,0.0,1
118,4,5,0,68,0,0,64,6,0,1590913462.902996,58727,1883,8.0,0.0,2,502.0,0.0,3.0,0,0.0,0.0,0.0,57.0,58.0,0.0,0.0,115.0,4.0,0.0,55.087883,55.087883,-9.1e-05,1.002011,0.4908186281772939,9378.0,66.0,210.0,25.93253218659697,115.0,948.0,0.0,17.0,8.436128762491139,0.0,1
119,4,5,0,52,0,0,64,6,0,1590913462.9030519,1883,58727,8.0,0.0,1,509.0,0.0,3.0,0,0.0,0.0,0.0,58.0,58.0,0.0,0.0,116.0,4.0,0.0,55.087939,55.087939,-9.1e-05,1.002011,0.4906041296317396,9444.0,66.0,210.0,25.849792353244982,116.0,948.0,0.0,17.0,8.434170521385496,0.0,1
120,4,5,0,69,0,0,64,6,0,1590913463.904593,58727,1883,8.0,0.0,2,502.0,0.0,3.0,0,0.0,0.0,0.0,58.0,59.0,0.0,0.0,117.0,4.0,0.0,56.08948,56.08948,-9.1e-05,1.002011,0.4910064734015128,9527.0,66.0,210.0,25.744827504776346,117.0,965.0,0.0,17.0,8.437300171739428,0.0,1
121,4,5,0,52,0,0,64,6,0,1590913463.904645,1883,58727,8.0,0.0,1,509.0,0.0,3.0,0,0.0,0.0,0.0,59.0,59.0,0.0,0.0,118.0,4.0,0.0,56.089532,56.089532,-9.1e-05,1.002011,0.49079880453531505,9593.0,66.0,210.0,25.66413737947561,118.0,965.0,0.0,17.0,8.435407017707956,0.0,1
122,4,5,0,69,0,0,64,6,0,1590913464.9055119,58727,1883,8.0,0.0,2,502.0,0.0,3.0,0,0.0,0.0,0.0,59.0,60.0,0.0,0.0,119.0,4.0,0.0,57.090399,57.090399,-9.1e-05,1.002011,0.4911813994685175,9676.0,66.0,210.0,25.561775595304393,119.0,982.0,0.0,17.0,8.438429534379855,0.0,1
123,4,5,0,52,0,0,64,6,0,1590913464.905567,1883,58727,8.0,0.0,1,509.0,0.0,3.0,0,0.0,0.0,0.0,60.0,60.0,0.0,0.0,120.0,4.0,0.0,57.090454,57.090454,-9.1e-05,1.002011,0.4909801911859403,9742.0,66.0,210.0,25.48305412880185,120.0,982.0,0.0,17.0,8.436598276330958,0.0,1
124,4,5,0,69,0,0,64,6,0,1590913465.907097,58727,1883,8.0,0.0,2,502.0,0.0,3.0,0,0.0,0.0,0.0,60.0,61.0,0.0,0.0,121.0,4.0,0.0,58.091984,58.091984,-9.1e-05,1.002011,0.4913558250155516,9825.0,66.0,210.0,25.383192305399714,121.0,999.0,0.0,17.0,8.43951906767583,0.0,1
125,4,5,0,52,0,0,64,6,0,1590913465.90715,1883,58727,8.0,0.0,1,509.0,0.0,3.0,0,0.0,0.0,0.0,61.0,61.0,0.0,0.0,122.0,4.0,0.0,58.092037,58.092037,-9.1e-05,1.002011,0.4911608139073325,9891.0,66.0,210.0,25.30636283625128,122.0,999.0,0.0,17.0,8.437746719711482,0.0,1
126,4,5,0,69,0,0,64,6,0,1590913466.90808,58727,1883,8.0,0.0,2,502.0,0.0,3.0,0,0.0,0.0,0.0,61.0,62.0,0.0,0.0,123.0,4.0,0.0,59.092967,59.092967,-9.1e-05,1.002011,0.4915188794547126,9974.0,66.0,210.0,25.208903464813037,123.0,1016.0,0.0,17.0,8.440570836081987,0.0,1
127,4,5,0,52,0,0,64,6,0,1590913466.9081368,1883,58727,8.0,0.0,1,509.0,0.0,3.0,0,0.0,0.0,0.0,62.0,62.0,0.0,0.0,124.0,4.0,0.0,59.093024,59.093024,-9.1e-05,1.002011,0.4913297429992918,10040.0,66.0,210.0,25.133893419547967,124.0,1016.0,0.0,17.0,8.438854601270219,0.0,1
128,4,5,0,69,0,0,64,6,0,1590913467.909636,58727,1883,8.0,0.0,2,502.0,0.0,3.0,0,0.0,0.0,0.0,62.0,63.0,0.0,0.0,125.0,4.0,0.0,60.094522999999995,60.094522999999995,-9.1e-05,1.002011,0.4916810573845306,10123.0,66.0,210.0,25.03874420254159,125.0,1033.0,0.0,17.0,8.441586764156026,0.0,1
129,4,5,0,52,0,0,64,6,0,1590913467.909694,1883,58727,8.0,0.0,1,509.0,0.0,3.0,0,0.0,0.0,0.0,63.0,63.0,0.0,0.0,126.0,4.0,0.0,60.094581000000005,60.094581000000005,-9.1e-05,1.002011,0.4914975521333856,10189.0,66.0,210.0,24.96548482043997,126.0,1033.0,0.0,17.0,8.439924019818985,0.0,1
130,4,5,0,68,0,0,64,6,0,1590913468.910608,58727,1883,8.0,0.0,2,502.0,0.0,3.0,0,0.0,0.0,0.0,63.0,64.0,0.0,0.0,127.0,4.0,0.0,61.09549499999999,61.09549499999999,-9.1e-05,1.002011,0.4918327675932279,10271.0,66.0,210.0,24.871292882157626,127.0,1049.0,0.0,17.0,8.434822566067108,0.0,1
131,4,5,0,52,0,0,64,6,0,1590913468.910666,1883,58727,8.0,0.0,1,509.0,0.0,3.0,0,0.0,0.0,0.0,64.0,64.0,0.0,0.0,128.0,4.0,0.0,61.095553,61.095553,-9.1e-05,1.002011,0.4916546561132711,10337.0,66.0,210.0,24.79969606307155,128.0,1049.0,0.0,17.0,8.433210122630703,0.0,1
132,4,5,0,69,0,0,64,6,0,1590913469.9122949,58727,1883,8.0,0.0,2,502.0,0.0,3.0,0,0.0,0.0,0.0,64.0,65.0,0.0,0.0,129.0,4.0,0.0,62.097182,62.097182,-9.1e-05,1.002011,0.4919852450540486,10420.0,66.0,210.0,24.70892524083761,129.0,1066.0,0.0,17.0,8.435897421737506,0.0,1
133,4,5,0,52,0,0,64,6,0,1590913469.912353,1883,58727,8.0,0.0,1,509.0,0.0,3.0,0,0.0,0.0,0.0,65.0,65.0,0.0,0.0,130.0,4.0,0.0,62.09724,62.09724,-9.1e-05,1.002011,0.4918122896400388,10486.0,66.0,210.0,24.638952767745447,130.0,1066.0,0.0,17.0,8.434333672325518,0.0,1
134,4,5,0,69,0,0,64,6,0,1590913470.9141212,58727,1883,8.0,0.0,2,502.0,0.0,3.0,0,0.0,0.0,0.0,65.0,66.0,0.0,0.0,131.0,4.0,0.0,63.099008,63.099008,-9.1e-05,1.002011,0.4921337905986014,10569.0,66.0,210.0,24.550242928751164,131.0,1083.0,0.0,17.0,8.436937493482878,0.0,1
135,4,5,0,52,0,0,64,6,0,1590913470.914176,1883,58727,8.0,0.0,1,509.0,0.0,3.0,0,0.0,0.0,0.0,66.0,66.0,0.0,0.0,132.0,4.0,0.0,63.099063,63.099063,-9.1e-05,1.002011,0.49196579140129404,10635.0,66.0,210.0,24.481836003814077,132.0,1083.0,0.0,17.0,8.435420265700271,0.0,1
136,4,5,0,69,0,0,64,6,0,1590913471.915819,58727,1883,8.0,0.0,2,502.0,0.0,3.0,0,0.0,0.0,0.0,66.0,67.0,0.0,0.0,133.0,4.0,0.0,64.100706,64.100706,-9.1e-05,1.002011,0.4922765106147935,10718.0,66.0,210.0,24.395112448567925,133.0,1100.0,0.0,17.0,8.437944439068149,0.0,1
137,4,5,0,52,0,0,64,6,0,1590913471.915876,1883,58727,8.0,0.0,1,509.0,0.0,3.0,0,0.0,0.0,0.0,67.0,67.0,0.0,0.0,134.0,4.0,0.0,64.100763,64.100763,-9.1e-05,1.002011,0.4921132243604783,10784.0,66.0,210.0,24.32821519089045,134.0,1100.0,0.0,17.0,8.436471687816738,0.0,1
138,4,5,0,69,0,0,64,6,0,1590913472.917505,58727,1883,8.0,0.0,2,502.0,0.0,3.0,0,0.0,0.0,0.0,67.0,68.0,0.0,0.0,135.0,4.0,0.0,65.10239200000001,65.10239200000001,-9.1e-05,1.002011,0.4924145200843938,10867.0,66.0,210.0,24.243406932386627,135.0,1117.0,0.0,17.0,8.438919812772982,0.0,1
139,4,5,0,52,0,0,64,6,0,1590913472.9175599,1883,58727,8.0,0.0,1,509.0,0.0,3.0,0,0.0,0.0,0.0,68.0,68.0,0.0,0.0,136.0,4.0,0.0,65.102447,65.102447,-9.1e-05,1.002011,0.492255778474863,10933.0,66.0,210.0,24.177966195111672,136.0,1117.0,0.0,17.0,8.43748961106437,0.0,1
140,4,5,0,69,0,0,64,6,0,1590913473.918537,58727,1883,8.0,0.0,2,502.0,0.0,3.0,0,0.0,0.0,0.0,68.0,69.0,0.0,0.0,137.0,4.0,0.0,66.103424,66.103424,-9.1e-05,1.002011,0.4925431374963657,11016.0,66.0,210.0,24.09500572549951,137.0,1134.0,0.0,17.0,8.439865073328464,0.0,1
141,4,5,0,52,0,0,64,6,0,1590913473.918596,1883,58727,8.0,0.0,1,509.0,0.0,3.0,0,0.0,0.0,0.0,69.0,69.0,0.0,0.0,138.0,4.0,0.0,66.103483,66.103483,-9.1e-05,1.002011,0.4923887161130921,11082.0,66.0,210.0,24.030970926701062,138.0,1134.0,0.0,17.0,8.438475603881075,0.0,1
142,4,5,0,69,0,0,64,6,0,1590913474.920124,58727,1883,8.0,0.0,2,502.0,0.0,3.0,0,0.0,0.0,0.0,69.0,70.0,0.0,0.0,139.0,4.0,0.0,67.105011,67.105011,-9.1e-05,1.002011,0.49267190967107793,11165.0,66.0,210.0,23.949794001606637,139.0,1151.0,0.0,17.0,8.440781591135531,0.0,1
143,4,5,0,52,0,0,64,6,0,1590913474.920181,1883,58727,8.0,0.0,1,509.0,0.0,3.0,0,0.0,0.0,0.0,70.0,70.0,0.0,0.0,140.0,4.0,0.0,67.105068,67.105068,-9.1e-05,1.002011,0.4925216716300139,11231.0,66.0,210.0,23.88711696776857,140.0,1151.0,0.0,17.0,8.439431138678811,0.0,1
144,4,5,0,69,0,0,64,6,0,1590913475.921821,58727,1883,8.0,0.0,2,502.0,0.0,3.0,0,0.0,0.0,0.0,70.0,71.0,0.0,0.0,141.0,4.0,0.0,68.106708,68.106708,-9.1e-05,1.002011,0.4927975826867692,11314.0,66.0,210.0,23.80766240671332,141.0,1168.0,0.0,17.0,8.441670654839728,0.0,1
145,4,5,0,52,0,0,64,6,0,1590913475.921873,1883,58727,8.0,0.0,1,509.0,0.0,3.0,0,0.0,0.0,0.0,71.0,71.0,0.0,0.0,142.0,4.0,0.0,68.10676,68.10676,-9.1e-05,1.002011,0.49265138038343803,11380.0,66.0,210.0,23.746297227703785,142.0,1168.0,0.0,17.0,8.440357599057046,0.0,1
146,4,5,0,69,0,0,64,6,0,1590913476.923521,58727,1883,8.0,0.0,2,502.0,0.0,3.0,0,0.0,0.0,0.0,71.0,72.0,0.0,0.0,143.0,4.0,0.0,69.108408,69.108408,-9.1e-05,1.002011,0.4929195481112869,11463.0,66.0,210.0,23.668506729220706,143.0,1185.0,0.0,17.0,8.442533477328244,0.0,1
147,4,5,0,52,0,0,64,6,0,1590913476.923577,1883,58727,8.0,0.0,1,509.0,0.0,3.0,0,0.0,0.0,0.0,72.0,72.0,0.0,0.0,144.0,4.0,0.0,69.108464,69.108464,-9.1e-05,1.002011,0.492777163703096,11529.0,66.0,210.0,23.608409623779146,144.0,1185.0,0.0,17.0,8.441256286377502,0.0,1
148,4,5,0,68,0,0,64,6,0,1590913477.9240868,58727,1883,8.0,0.0,2,502.0,0.0,3.0,0,0.0,0.0,0.0,72.0,73.0,0.0,0.0,145.0,4.0,0.0,70.108974,70.108974,-9.1e-05,1.002011,0.4930295730580709,11611.0,66.0,210.0,23.530915248430194,145.0,1201.0,0.0,17.0,8.436612873755035,0.0,1
149,4,5,0,52,0,0,64,6,0,1590913477.9241312,1883,58727,8.0,0.0,1,509.0,0.0,3.0,0,0.0,0.0,0.0,73.0,73.0,0.0,0.0,146.0,4.0,0.0,70.109018,70.109018,-9.1e-05,1.002011,0.4928909653016066,11677.0,66.0,210.0,23.47202723754003,146.0,1201.0,0.0,17.0,8.4353693359406,0.0,1
150,4,5,0,69,0,0,64,6,0,1590913478.92854,58727,1883,8.0,0.0,2,502.0,0.0,3.0,0,0.0,0.0,0.0,73.0,74.0,0.0,0.0,147.0,4.0,0.0,71.113427,71.113427,-9.1e-05,1.004409,0.4931644756771749,11760.0,66.0,210.0,23.39741500032796,147.0,1218.0,0.0,17.0,8.437522196825192,0.0,1
151,4,5,0,52,0,0,64,6,0,1590913478.9285948,1883,58727,8.0,0.0,1,509.0,0.0,3.0,0,0.0,0.0,0.0,74.0,74.0,0.0,0.0,148.0,4.0,0.0,71.11348199999999,71.11348199999999,-9.1e-05,1.004409,0.4930293391745581,11826.0,66.0,210.0,23.339713894659447,148.0,1218.0,0.0,17.0,8.436311695788502,0.0,1
152,4,5,0,69,0,0,64,6,0,1590913479.930216,58727,1883,8.0,0.0,2,502.0,0.0,3.0,0,0.0,0.0,0.0,74.0,75.0,0.0,0.0,149.0,4.0,0.0,72.115103,72.115103,-9.1e-05,1.004409,0.4932756316867872,11909.0,66.0,210.0,23.26660626993678,149.0,1235.0,0.0,17.0,8.438405848882338,0.0,1
153,4,5,0,52,0,0,64,6,0,1590913479.930272,1883,58727,8.0,0.0,1,509.0,0.0,3.0,0,0.0,0.0,0.0,75.0,75.0,0.0,0.0,150.0,4.0,0.0,72.11515899999999,72.11515899999999,-9.1e-05,1.004409,0.4931439077001704,11975.0,66.0,210.0,23.21005393905112,150.0,1235.0,0.0,17.0,8.437227085651694,0.0,1
154,4,5,0,69,0,0,64,6,0,1590913480.932039,58727,1883,8.0,0.0,2,502.0,0.0,3.0,0,0.0,0.0,0.0,75.0,76.0,0.0,0.0,151.0,4.0,0.0,73.116926,73.116926,-9.1e-05,1.004409,0.4933846274421932,12058.0,66.0,210.0,23.138402546246013,151.0,1252.0,0.0,17.0,8.43926490003603,0.0,1
155,4,5,0,52,0,0,64,6,0,1590913480.9320948,1883,58727,8.0,0.0,1,509.0,0.0,3.0,0,0.0,0.0,0.0,76.0,76.0,0.0,0.0,152.0,4.0,0.0,73.116982,73.116982,-9.1e-05,1.004409,0.4932561939403661,12124.0,66.0,210.0,23.08296254028201,152.0,1252.0,0.0,17.0,8.438116642842491,0.0,1
156,4,5,0,68,0,0,64,6,0,1590913481.933913,58727,1883,8.0,0.0,2,502.0,0.0,3.0,0,0.0,0.0,0.0,76.0,77.0,0.0,0.0,153.0,4.0,0.0,74.1188,74.1188,-9.1e-05,1.004409,0.4934909065869856,12206.0,66.0,210.0,23.011397526788354,153.0,1268.0,0.0,17.0,8.433699009436378,0.0,1
157,4,5,0,52,0,0,64,6,0,1590913481.9339669,1883,58727,8.0,0.0,1,509.0,0.0,3.0,0,0.0,0.0,0.0,77.0,77.0,0.0,0.0,154.0,4.0,0.0,74.118854,74.118854,-9.1e-05,1.004409,0.4933656540059576,12272.0,66.0,210.0,22.95701966885316,154.0,1268.0,0.0,17.0,8.432579372475589,0.0,1
158,4,5,0,69,0,0,64,6,0,1590913482.935595,58727,1883,8.0,0.0,2,502.0,0.0,3.0,0,0.0,0.0,0.0,77.0,78.0,0.0,0.0,155.0,4.0,0.0,75.120482,75.120482,-9.1e-05,1.004409,0.4935929573506729,12355.0,66.0,210.0,22.888157752543343,155.0,1285.0,0.0,17.0,8.434597690877396,0.0,1
159,4,5,0,52,0,0,64,6,0,1590913482.935644,1883,58727,8.0,0.0,1,509.0,0.0,3.0,0,0.0,0.0,0.0,78.0,78.0,0.0,0.0,156.0,4.0,0.0,75.120531,75.120531,-9.1e-05,1.004409,0.4934707882413834,12421.0,66.0,210.0,22.8348244130504,156.0,1285.0,0.0,17.0,8.43350627689428,0.0,1
160,4,5,0,69,0,0,64,6,0,1590913483.9373288,58727,1883,8.0,0.0,2,502.0,0.0,3.0,0,0.0,0.0,0.0,78.0,79.0,0.0,0.0,157.0,4.0,0.0,76.12221600000001,76.12221600000001,-9.1e-05,1.004409,0.4936926246444411,12504.0,66.0,210.0,22.76728576801012,157.0,1302.0,0.0,17.0,8.435472374790674,0.0,1
161,4,5,0,52,0,0,64,6,0,1590913483.937384,1883,58727,8.0,0.0,1,509.0,0.0,3.0,0,0.0,0.0,0.0,79.0,79.0,0.0,0.0,158.0,4.0,0.0,76.122271,76.122271,-9.1e-05,1.004409,0.4935733616924324,12570.0,66.0,210.0,22.714964984135538,158.0,1302.0,0.0,17.0,8.434408130173043,0.0,1
162,4,5,0,69,0,0,64,6,0,1590913484.9389641,58727,1883,8.0,0.0,2,502.0,0.0,3.0,0,0.0,0.0,0.0,79.0,80.0,0.0,0.0,159.0,4.0,0.0,77.123851,77.123851,-9.1e-05,1.004409,0.4937888681018302,12653.0,66.0,210.0,22.648709087452012,159.0,1319.0,0.0,17.0,8.436324008338259,0.0,1
163,4,5,0,52,0,0,64,6,0,1590913484.939025,1883,58727,8.0,0.0,1,509.0,0.0,3.0,0,0.0,0.0,0.0,80.0,80.0,0.0,0.0,160.0,4.0,0.0,77.123912,77.123912,-9.1e-05,1.004409,0.4936724079450237,12719.0,66.0,210.0,22.5973702386545,160.0,1319.0,0.0,17.0,8.43528593126151,0.0,1
164,4,5,0,68,0,0,64,6,0,1590913485.9407802,58727,1883,8.0,0.0,2,502.0,0.0,3.0,0,0.0,0.0,0.0,80.0,81.0,0.0,0.0,161.0,4.0,0.0,78.125667,78.125667,-9.1e-05,1.004409,0.4938836502587566,12801.0,66.0,210.0,22.53102812526261,161.0,1335.0,0.0,17.0,8.431073294332695,0.0,1
165,4,5,0,52,0,0,64,6,0,1590913485.940838,1883,58727,8.0,0.0,1,509.0,0.0,3.0,0,0.0,0.0,0.0,81.0,81.0,0.0,0.0,162.0,4.0,0.0,78.125725,78.125725,-9.1e-05,1.004409,0.4937699462475236,12867.0,66.0,210.0,22.480628146030256,162.0,1335.0,0.0,17.0,8.430059757939397,0.0,1
166,4,5,0,69,0,0,64,6,0,1590913486.9425962,58727,1883,8.0,0.0,2,502.0,0.0,3.0,0,0.0,0.0,0.0,81.0,82.0,0.0,0.0,163.0,4.0,0.0,79.127483,79.127483,-9.1e-05,1.004409,0.4939759738879242,12950.0,66.0,210.0,22.416836020961536,163.0,1352.0,0.0,17.0,8.431958982829336,0.0,1
167,4,5,0,52,0,0,64,6,0,1590913486.942655,1883,58727,8.0,0.0,1,509.0,0.0,3.0,0,0.0,0.0,0.0,82.0,82.0,0.0,0.0,164.0,4.0,0.0,79.127542,79.127542,-9.1e-05,1.004409,0.4938649068802766,13016.0,66.0,210.0,22.36736083916941,164.0,1352.0,0.0,17.0,8.430969750580816,0.0,1
168,4,5,0,69,0,0,64,6,0,1590913487.944309,58727,1883,8.0,0.0,2,502.0,0.0,3.0,0,0.0,0.0,0.0,82.0,83.0,0.0,0.0,165.0,4.0,0.0,80.129196,80.129196,-9.1e-05,1.004409,0.4940652307554996,13099.0,66.0,210.0,22.30473960501585,165.0,1369.0,0.0,17.0,8.432822229910414,0.0,1
169,4,5,0,52,0,0,64,6,0,1590913487.944365,1883,58727,8.0,0.0,1,509.0,0.0,3.0,0,0.0,0.0,0.0,83.0,83.0,0.0,0.0,166.0,4.0,0.0,80.12925200000001,80.12925200000001,-9.1e-05,1.004409,0.4939567330428236,13165.0,66.0,210.0,22.25616220295352,166.0,1369.0,0.0,17.0,8.43185643816315,0.0,1
170,4,5,0,69,0,0,64,6,0,1590913488.94606,58727,1883,8.0,0.0,2,502.0,0.0,3.0,0,0.0,0.0,0.0,83.0,84.0,0.0,0.0,167.0,4.0,0.0,81.13094699999999,81.13094699999999,-9.1e-05,1.004409,0.4941524712558939,13248.0,66.0,210.0,22.194677631591734,167.0,1386.0,0.0,17.0,8.433663876765756,0.0,1
171,4,5,0,52,0,0,64,6,0,1590913488.946117,1883,58727,8.0,0.0,1,509.0,0.0,3.0,0,0.0,0.0,0.0,84.0,84.0,0.0,0.0,168.0,4.0,0.0,81.131004,81.131004,-9.1e-05,1.004409,0.4940464326545869,13314.0,66.0,210.0,22.14697207504952,168.0,1386.0,0.0,17.0,8.432720702306803,0.0,1
172,4,5,0,69,0,0,64,6,0,1590913489.947855,58727,1883,8.0,0.0,2,502.0,0.0,3.0,0,0.0,0.0,0.0,84.0,85.0,0.0,0.0,169.0,4.0,0.0,82.13274200000001,82.13274200000001,-9.1e-05,1.004409,0.4942377616988332,13397.0,66.0,210.0,22.086591312267586,169.0,1403.0,0.0,17.0,8.434484723110161,0.0,1
173,4,5,0,52,0,0,64,6,0,1590913489.947911,1883,58727,8.0,0.0,1,509.0,0.0,3.0,0,0.0,0.0,0.0,85.0,85.0,0.0,0.0,170.0,4.0,0.0,82.132798,82.132798,-9.1e-05,1.004409,0.4941341104810316,13463.0,66.0,210.0,22.03973269547269,170.0,1403.0,0.0,17.0,8.433563380819193,0.0,1
174,4,5,0,69,0,0,64,6,0,1590913490.9496222,58727,1883,8.0,0.0,2,502.0,0.0,3.0,0,0.0,0.0,0.0,85.0,86.0,0.0,0.0,171.0,4.0,0.0,83.134509,83.134509,-9.1e-05,1.004409,0.49432075737419895,13546.0,66.0,210.0,21.980424191062546,171.0,1420.0,0.0,17.0,8.435285529705814,0.0,1
175,4,5,0,52,0,0,64,6,0,1590913490.949677,1883,58727,8.0,0.0,1,509.0,0.0,3.0,0,0.0,0.0,0.0,86.0,86.0,0.0,0.0,172.0,4.0,0.0,83.134564,83.134564,-9.1e-05,1.004409,0.4942194141080082,13612.0,66.0,210.0,21.93438858499143,172.0,1420.0,0.0,17.0,8.434385270377497,0.0,1
176,4,5,0,69,0,0,64,6,0,1590913491.950502,58727,1883,8.0,0.0,2,502.0,0.0,3.0,0,0.0,0.0,0.0,86.0,87.0,0.0,0.0,173.0,4.0,0.0,84.135389,84.135389,-9.1e-05,1.004409,0.4943963482530356,13695.0,66.0,210.0,21.876122027134308,173.0,1437.0,0.0,17.0,8.436067020702996,0.0,1
177,4,5,0,52,0,0,64,6,0,1590913491.9505599,1883,58727,8.0,0.0,1,509.0,0.0,3.0,0,0.0,0.0,0.0,87.0,87.0,0.0,0.0,174.0,4.0,0.0,84.135447,84.135447,-9.1e-05,1.004409,0.4942972169498709,13761.0,66.0,210.0,21.830886430959573,174.0,1437.0,0.0,17.0,8.435187129017043,0.0,1
178,4,5,0,69,0,0,64,6,0,1590913492.952261,58727,1883,8.0,0.0,2,502.0,0.0,3.0,0,0.0,0.0,0.0,87.0,88.0,0.0,0.0,175.0,4.0,0.0,85.137148,85.137148,-9.1e-05,1.004409,0.4944753073636995,13844.0,66.0,210.0,21.77363268459637,175.0,1454.0,0.0,17.0,8.43682988581419,0.0,1
179,4,5,0,52,0,0,64,6,0,1590913492.952316,1883,58727,8.0,0.0,1,509.0,0.0,3.0,0,0.0,0.0,0.0,88.0,88.0,0.0,0.0,176.0,4.0,0.0,85.137203,85.137203,-9.1e-05,1.004409,0.4943783465379991,13910.0,66.0,210.0,21.72917498004629,176.0,1454.0,0.0,17.0,8.435969678441499,0.0,1
180,4,5,0,68,0,0,64,6,0,1590913493.954208,58727,1883,8.0,0.0,2,502.0,0.0,3.0,0,0.0,0.0,0.0,88.0,89.0,0.0,0.0,177.0,4.0,0.0,86.139095,86.139095,-9.1e-05,1.004409,0.4945535055482138,13992.0,66.0,210.0,21.671574738047184,177.0,1470.0,0.0,17.0,8.432056467504617,0.0,1
181,4,5,0,52,0,0,64,6,0,1590913493.954266,1883,58727,8.0,0.0,1,509.0,0.0,3.0,0,0.0,0.0,0.0,89.0,89.0,0.0,0.0,178.0,4.0,0.0,86.13915300000001,86.13915300000001,-9.1e-05,1.004409,0.4944586127888591,14058.0,66.0,210.0,21.627862457038308,178.0,1470.0,0.0,17.0,8.431214655222139,0.0,1
182,4,5,0,69,0,0,64,6,0,1590913494.956026,58727,1883,8.0,0.0,2,502.0,0.0,3.0,0,0.0,0.0,0.0,89.0,90.0,0.0,0.0,179.0,4.0,0.0,87.140913,87.140913,-9.1e-05,1.004409,0.4946290516278141,14141.0,66.0,210.0,21.57256331315493,179.0,1487.0,0.0,17.0,8.432847946384987,0.0,1
183,4,5,0,52,0,0,64,6,0,1590913494.956082,1883,58727,8.0,0.0,1,509.0,0.0,3.0,0,0.0,0.0,0.0,90.0,90.0,0.0,0.0,180.0,4.0,0.0,87.140969,87.140969,-9.1e-05,1.004409,0.4945361877122091,14207.0,66.0,210.0,21.529587430996422,180.0,1487.0,0.0,17.0,8.432024541275975,0.0,1
184,4,5,0,69,0,0,64,6,0,1590913495.957858,58727,1883,8.0,0.0,2,502.0,0.0,3.0,0,0.0,0.0,0.0,90.0,91.0,0.0,0.0,181.0,4.0,0.0,88.14274499999999,88.14274499999999,-9.1e-05,1.004409,0.4947029195105585,14290.0,66.0,210.0,21.47522005430279,181.0,1504.0,0.0,17.0,8.433621218126216,0.0,1
185,4,5,0,52,0,0,64,6,0,1590913495.9579132,1883,58727,8.0,0.0,1,509.0,0.0,3.0,0,0.0,0.0,0.0,91.0,91.0,0.0,0.0,182.0,4.0,0.0,88.1428,88.1428,-9.1e-05,1.004409,0.4946120151651334,14356.0,66.0,210.0,21.43296084352784,182.0,1504.0,0.0,17.0,8.432815623110338,0.0,1
186,4,5,0,69,0,0,64,6,0,1590913496.959661,58727,1883,8.0,0.0,2,502.0,0.0,3.0,0,0.0,0.0,0.0,91.0,92.0,0.0,0.0,183.0,4.0,0.0,89.144548,89.144548,-9.1e-05,1.004409,0.4947749112770896,14439.0,66.0,210.0,21.3795002620045,183.0,1521.0,0.0,17.0,8.434376903202223,0.0,1
187,4,5,0,52,0,0,64,6,0,1590913496.959717,1883,58727,8.0,0.0,1,509.0,0.0,3.0,0,0.0,0.0,0.0,92.0,92.0,0.0,0.0,184.0,4.0,0.0,89.144604,89.144604,-9.1e-05,1.004409,0.4946858950113885,14505.0,66.0,210.0,21.33793872083828,184.0,1521.0,0.0,17.0,8.433588546740863,0.0,1
188,4,5,0,69,0,0,64,6,0,1590913497.961463,58727,1883,8.0,0.0,2,502.0,0.0,3.0,0,0.0,0.0,0.0,92.0,93.0,0.0,0.0,185.0,4.0,0.0,90.14635,90.14635,-9.1e-05,1.004409,0.4948452277644315,14588.0,66.0,210.0,21.285360881706005,185.0,1538.0,0.0,17.0,8.435115594236489,0.0,1
189,4,5,0,52,0,0,64,6,0,1590913497.96152,1883,58727,8.0,0.0,1,509.0,0.0,3.0,0,0.0,0.0,0.0,93.0,93.0,0.0,0.0,186.0,4.0,0.0,90.146407,90.146407,-9.1e-05,1.004409,0.494758041237607,14654.0,66.0,210.0,21.244478700209726,186.0,1538.0,0.0,17.0,8.434343928981736,0.0,1
190,4,5,0,54,0,0,64,6,0,1590913498.9627712,58727,1883,8.0,0.0,2,502.0,0.0,3.0,0,0.0,0.0,0.0,93.0,94.0,0.0,0.0,187.0,4.0,0.0,91.14765799999999,91.14765799999999,-9.1e-05,1.004409,0.4949111759064746,14722.0,66.0,210.0,21.198786210228967,187.0,1540.0,0.0,17.0,8.424122767521675,0.0,1
191,4,5,0,52,0,0,64,6,0,1590913498.9628232,1883,58727,8.0,0.0,1,509.0,0.0,3.0,0,0.0,0.0,0.0,94.0,94.0,0.0,0.0,188.0,4.0,0.0,91.14771,91.14771,-9.1e-05,1.004409,0.4948257944396146,14788.0,66.0,210.0,21.158330661230877,188.0,1540.0,0.0,17.0,8.423009732696826,0.0,1
192,4,5,0,68,0,0,64,6,0,1590913498.962865,58727,1883,8.0,0.0,2,502.0,0.0,3.0,0,0.0,0.0,0.0,94.0,95.0,0.0,0.0,189.0,4.0,0.0,91.147752,91.147752,-9.1e-05,1.004409,0.4947287273013776,14870.0,66.0,210.0,21.106202227129927,189.0,1556.0,0.0,17.0,8.419757859558612,0.0,1
193,4,5,0,52,0,0,64,6,0,1590913498.962907,1883,58727,8.0,0.0,1,509.0,0.0,3.0,0,0.0,0.0,0.0,95.0,95.0,0.0,0.0,190.0,4.0,0.0,91.14779399999999,91.14779399999999,-9.1e-05,1.004409,0.4946202946298524,14936.0,66.0,210.0,21.066386478988033,190.0,1556.0,0.0,17.0,8.418667512408899,0.0,1
194,4,5,0,54,0,0,64,6,0,1590913498.9631948,1883,58727,8.0,0.0,2,509.0,0.0,3.0,0,0.0,0.0,0.0,95.0,96.0,0.0,0.0,191.0,4.0,0.0,91.14808199999999,91.14808199999999,-9.1e-05,1.004409,0.4944996449138976,15004.0,66.0,210.0,21.021881026508492,191.0,1558.0,0.0,17.0,8.408419326426774,0.0,1
195,4,5,0,52,0,0,64,6,0,1590913498.963206,58727,1883,8.0,0.0,1,502.0,0.0,3.0,0,0.0,0.0,0.0,96.0,96.0,0.0,0.0,192.0,4.0,0.0,91.148093,91.148093,-9.1e-05,1.004409,0.4943697098028645,15070.0,66.0,210.0,20.982475057770802,192.0,1558.0,0.0,17.0,8.407015011058357,0.0,1
196,4,5,0,69,0,0,64,6,0,1590913499.9644961,58727,1883,8.0,0.0,2,502.0,0.0,3.0,0,0.0,0.0,0.0,96.0,97.0,0.0,0.0,193.0,4.0,0.0,92.149383,92.149383,-9.1e-05,1.004409,0.4945727503090357,15153.0,66.0,210.0,20.933410033988558,193.0,1575.0,0.0,17.0,8.409450513840502,0.0,1
197,4,5,0,52,0,0,64,6,0,1590913500.0057971,1883,58727,8.0,0.0,1,509.0,0.0,3.0,0,0.0,0.0,0.0,97.0,97.0,0.0,0.0,194.0,4.0,0.0,92.19068399999999,92.19068399999999,-9.1e-05,1.004409,0.4942547878070568,15219.0,66.0,210.0,20.894625420938052,194.0,1575.0,0.0,17.0,8.408074454999182,0.0,1
198,4,5,0,69,0,0,64,6,0,1590913500.9665,58727,1883,8.0,0.0,2,502.0,0.0,3.0,0,0.0,0.0,0.0,97.0,98.0,0.0,0.0,195.0,4.0,0.0,93.151387,93.151387,-9.1e-05,1.004409,0.4942407628365489,15302.0,66.0,210.0,20.846333388765164,195.0,1592.0,0.0,17.0,8.410458853936348,0.0,1
199,4,5,0,52,0,0,64,6,0,1590913500.966558,1883,58727,8.0,0.0,1,509.0,0.0,3.0,0,0.0,0.0,0.0,98.0,98.0,0.0,0.0,196.0,4.0,0.0,93.151445,93.151445,-9.1e-05,1.004409,0.4941175793389987,15368.0,66.0,210.0,20.808154566957928,196.0,1592.0,0.0,17.0,8.409110207659491,0.0,1
200,4,5,0,69,0,0,64,6,0,1590913501.968286,58727,1883,8.0,0.0,2,502.0,0.0,3.0,0,0.0,0.0,0.0,98.0,99.0,0.0,0.0,197.0,4.0,0.0,94.153173,94.153173,-9.1e-05,1.004409,0.4943167944110546,15451.0,66.0,210.0,20.760616177743906,197.0,1609.0,0.0,17.0,8.411445094491448,0.0,1
201,4,5,0,52,0,0,64,6,0,1590913501.968338,1883,58727,8.0,0.0,1,509.0,0.0,3.0,0,0.0,0.0,0.0,99.0,99.0,0.0,0.0,198.0,4.0,0.0,94.153225,94.153225,-9.1e-05,1.004409,0.4941960074244176,15517.0,66.0,210.0,20.723028118241764,198.0,1609.0,0.0,17.0,8.410123050079553,0.0,1
202,4,5,0,68,0,0,64,6,0,1590913502.9697812,58727,1883,8.0,0.0,2,502.0,0.0,3.0,0,0.0,0.0,0.0,99.0,100.0,0.0,0.0,199.0,4.0,0.0,95.154668,95.154668,-9.1e-05,1.004409,0.4943896257831033,15599.0,66.0,210.0,20.674870630053015,199.0,1625.0,0.0,17.0,8.40740643844262,0.0,1
203,4,5,0,52,0,0,64,6,0,1590913502.969833,1883,58727,8.0,0.0,1,509.0,0.0,3.0,0,0.0,0.0,0.0,100.0,100.0,0.0,0.0,200.0,4.0,0.0,95.15472,95.15472,-9.1e-05,1.004409,0.4942711393015957,15665.0,66.0,210.0,20.637850380970853,200.0,1625.0,0.0,17.0,8.406110184991096,0.0,1
204,4,5,0,69,0,0,64,6,0,1590913503.9707391,58727,1883,8.0,0.0,2,502.0,0.0,3.0,0,0.0,0.0,0.0,100.0,101.0,0.0,0.0,201.0,4.0,0.0,96.155626,96.155626,-9.1e-05,1.004409,0.4944580032772991,15748.0,66.0,210.0,20.591774717964203,201.0,1642.0,0.0,17.0,8.40840316475694,0.0,1
205,4,5,0,52,0,0,64,6,0,1590913503.970795,1883,58727,8.0,0.0,1,509.0,0.0,3.0,0,0.0,0.0,0.0,101.0,101.0,0.0,0.0,202.0,4.0,0.0,96.155682,96.155682,-9.1e-05,1.004409,0.4943417346359407,15814.0,66.0,210.0,20.555316864141773,202.0,1642.0,0.0,17.0,8.407131971534566,0.0,1
206,4,5,0,69,0,0,64,6,0,1590913504.97166,58727,1883,8.0,0.0,2,502.0,0.0,3.0,0,0.0,0.0,0.0,101.0,102.0,0.0,0.0,203.0,4.0,0.0,97.156547,97.156547,-9.1e-05,1.004409,0.4945246406307297,15897.0,66.0,210.0,20.509940552340268,203.0,1659.0,0.0,17.0,8.409378756807923,0.0,1
207,4,5,0,52,0,0,64,6,0,1590913504.971716,1883,58727,8.0,0.0,1,509.0,0.0,3.0,0,0.0,0.0,0.0,102.0,102.0,0.0,0.0,204.0,4.0,0.0,97.156603,97.156603,-9.1e-05,1.004409,0.494410546170621,15963.0,66.0,210.0,20.474031530516832,204.0,1659.0,0.0,17.0,8.408131904360463,0.0,1
208,4,5,0,69,0,0,64,6,0,1590913505.9734411,58727,1883,8.0,0.0,2,502.0,0.0,3.0,0,0.0,0.0,0.0,102.0,103.0,0.0,0.0,205.0,4.0,0.0,98.158328,98.158328,-9.1e-05,1.004409,0.4945942707929072,16046.0,66.0,210.0,20.42933771635517,205.0,1676.0,0.0,17.0,8.410333877165314,0.0,1
209,4,5,0,52,0,0,64,6,0,1590913505.973498,1883,58727,8.0,0.0,1,509.0,0.0,3.0,0,0.0,0.0,0.0,103.0,103.0,0.0,0.0,206.0,4.0,0.0,98.158385,98.158385,-9.1e-05,1.004409,0.4944822840732458,16112.0,66.0,210.0,20.393964412569538,206.0,1676.0,0.0,17.0,8.409110673304829,0.0,1
