version,ihl,tos,len,ip_flags,frag,ttl,proto,ip_options,time,sport,dport,dataofs,reserved,tcp_udp_flags,window,urgptr,tcp_udp_options,land,Avg_syn_flag,Avg_urg_flag,Avg_fin_flag,Avg_ack_flag,Avg_psh_flag,Avg_rst_flag,Avg_DNS_pkt,Avg_TCP_pkt,Avg_UDP_pkt,Avg_ICMP_pkt,Duration_window_flow,Avg_delta_time,Min_delta_time,Max_delta_time,StDev_delta_time,Avg_pkts_lenght,Min_pkts_lenght,Max_pkts_lenght,StDev_pkts_lenght,Avg_small_payload_pkt,Avg_payload,Min_payload,Max_payload,StDev_payload,Avg_DNS_over_TCP
4,5,0,69,DF,0,64,6,0,1590913910.608907,58727,1883,8,0,PA,502,0,3,0,0.0,0.0,0.0,0.0,1.0,0.0,0.0,1.0,0.0,0.0,0.0,0.0,0.0,0.0,0.0,83.0,83.0,83.0,0.0,1.0,17.0,17.0,17.0,0.0,0.0
4,5,0,52,DF,0,64,6,0,1590913910.608830,1883,58727,8,0,A,509,0,3,0,0.0,0.0,0.0,1.0,1.0,0.0,0.0,2.0,0.0,0.0,-7.7e-05,-7.7e-05,-7.7e-05,-7.7e-05,0.0,149.0,66.0,83.0,12.020815280171307,2.0,17.0,0.0,17.0,12.020815280171307,0.0
4,5,0,69,DF,0,64,6,0,1590913911.610508,58727,1883,8,0,PA,502,0,3,0,0.0,0.0,0.0,1.0,2.0,0.0,0.0,3.0,0.0,0.0,1.001601,1.001601,-7.7e-05,1.001678,0.7083477535875299,232.0,66.0,83.0,9.814954576223638,3.0,34.0,0.0,17.0,9.814954576223638,0.0
4,5,0,52,DF,0,64,6,0,1590913911.610565,1883,58727,8,0,A,509,0,3,0,0.0,0.0,0.0,2.0,2.0,0.0,0.0,4.0,0.0,0.0,1.001658,1.001658,-7.7e-05,1.001678,0.5783248403250547,298.0,66.0,83.0,9.814954576223638,4.0,34.0,0.0,17.0,9.814954576223638,0.0
4,5,0,69,DF,0,64,6,0,1590913912.612362,58727,1883,8,0,PA,502,0,3,0,0.0,0.0,0.0,2.0,3.0,0.0,0.0,5.0,0.0,0.0,2.003455,2.003455,-7.7e-05,1.001797,0.5783591934126375,381.0,66.0,83.0,9.311283477587825,5.0,51.0,0.0,17.0,9.311283477587825,0.0
4,5,0,52,DF,0,64,6,0,1590913912.612418,1883,58727,8,0,A,509,0,3,0,0.0,0.0,0.0,3.0,3.0,0.0,0.0,6.0,0.0,0.0,2.003511,2.003511,-7.7e-05,1.001797,0.5486676570982656,447.0,66.0,83.0,9.311283477587825,6.0,51.0,0.0,17.0,9.311283477587825,0.0
4,5,0,69,DF,0,64,6,0,1590913913.614127,58727,1883,8,0,PA,502,0,3,0,0.0,0.0,0.0,3.0,4.0,0.0,0.0,7.0,0.0,0.0,3.00522,3.00522,-7.7e-05,1.001797,0.5486624529686718,530.0,66.0,83.0,9.086882225022428,7.0,68.0,0.0,17.0,9.086882225022428,0.0
4,5,0,52,DF,0,64,6,0,1590913913.614178,1883,58727,8,0,A,509,0,3,0,0.0,0.0,0.0,4.0,4.0,0.0,0.0,8.0,0.0,0.0,3.005271,3.005271,-7.7e-05,1.001797,0.5354345160259585,596.0,66.0,83.0,9.086882225022428,8.0,68.0,0.0,17.0,9.086882225022428,0.0
4,5,0,69,DF,0,64,6,0,1590913914.615940,58727,1883,8,0,PA,502,0,3,0,0.0,0.0,0.0,4.0,5.0,0.0,0.0,9.0,0.0,0.0,4.007033,4.007033,-7.7e-05,1.001797,0.535439059123695,679.0,66.0,83.0,8.959786703810408,9.0,85.0,0.0,17.0,8.959786703810408,0.0
4,5,0,52,DF,0,64,6,0,1590913914.615994,1883,58727,8,0,A,509,0,3,0,0.0,0.0,0.0,5.0,5.0,0.0,0.0,10.0,0.0,0.0,4.007087,4.007087,-7.7e-05,1.001797,0.5279466324943376,745.0,66.0,83.0,8.959786703810408,10.0,85.0,0.0,17.0,8.959786703810408,0.0
4,5,0,68,DF,0,64,6,0,1590913915.617662,58727,1883,8,0,PA,502,0,3,0,0.0,0.0,0.0,5.0,6.0,0.0,0.0,11.0,0.0,0.0,5.008755,5.008755,-7.7e-05,1.001797,0.5279394120614915,827.0,66.0,83.0,8.795660086863087,11.0,101.0,0.0,17.0,8.795660086863087,0.0
4,5,0,52,DF,0,64,6,0,1590913915.617717,1883,58727,8,0,A,509,0,3,0,0.0,0.0,0.0,6.0,6.0,0.0,0.0,12.0,0.0,0.0,5.00881,5.00881,-7.7e-05,1.001797,0.5231156137654989,893.0,66.0,83.0,8.795229423162343,12.0,101.0,0.0,17.0,8.795229423162343,0.0
4,5,0,69,DF,0,64,6,0,1590913916.618344,58727,1883,8,0,PA,502,0,3,0,0.0,0.0,0.0,6.0,7.0,0.0,0.0,13.0,0.0,0.0,6.009437,6.009437,-7.7e-05,1.001797,0.5230203233503817,976.0,66.0,83.0,8.750824137012644,13.0,118.0,0.0,17.0,8.750824137012644,0.0
4,5,0,52,DF,0,64,6,0,1590913916.618394,1883,58727,8,0,A,509,0,3,0,0.0,0.0,0.0,7.0,7.0,0.0,0.0,14.0,0.0,0.0,6.009487,6.009487,-7.7e-05,1.001797,0.5196555225664969,1042.0,66.0,83.0,8.750510189207745,14.0,118.0,0.0,17.0,8.750510189207745,0.0
4,5,0,68,DF,0,64,6,0,1590913917.620045,58727,1883,8,0,PA,502,0,3,0,0.0,0.0,0.0,7.0,8.0,0.0,0.0,15.0,0.0,0.0,7.011138,7.011138,-7.7e-05,1.001797,0.519663732519807,1124.0,66.0,83.0,8.65585406091216,15.0,134.0,0.0,17.0,8.65585406091216,0.0
4,5,0,52,DF,0,64,6,0,1590913917.620103,1883,58727,8,0,A,509,0,3,0,0.0,0.0,0.0,8.0,8.0,0.0,0.0,16.0,0.0,0.0,7.011196,7.011196,-7.7e-05,1.001797,0.5171817430438973,1190.0,66.0,83.0,8.65544144839919,16.0,134.0,0.0,17.0,8.65544144839919,0.0
4,5,0,196,DF,0,1,17,0,1590913917.673308,33147,1900,,,,,,,0,0.0,0.0,0.0,8.0,8.0,0.0,0.0,16.0,1.0,0.0,7.064401,7.064401,-7.7e-05,1.001797,0.5102628523331177,1400.0,66.0,210.0,33.94469983751253,16.0,134.0,0.0,17.0,8.65544144839919,0.0
4,5,0,69,DF,0,64,6,0,1590913918.621741,58727,1883,8,0,PA,502,0,3,0,0.0,0.0,0.0,8.0,9.0,0.0,0.0,17.0,1.0,0.0,8.012834,8.012834,-7.7e-05,1.001797,0.5091269055644716,1483.0,66.0,210.0,32.93154913004511,17.0,151.0,0.0,17.0,8.637725054529524,0.0
4,5,0,52,DF,0,64,6,0,1590913918.621806,1883,58727,8,0,A,509,0,3,0,0.0,0.0,0.0,9.0,9.0,0.0,0.0,18.0,1.0,0.0,8.012899,8.012899,-7.7e-05,1.001797,0.506262391449274,1549.0,66.0,210.0,32.2238152459613,18.0,151.0,0.0,17.0,8.637394003019585,0.0
4,5,0,196,DF,0,1,17,0,1590913918.673763,33147,1900,,,,,,,0,0.0,0.0,0.0,9.0,9.0,0.0,0.0,18.0,2.0,0.0,8.064856,8.064856,-7.7e-05,1.001797,0.5001999291312197,1759.0,66.0,210.0,42.532309700051,18.0,151.0,0.0,17.0,8.637394003019585,0.0
4,5,0,69,DF,0,64,6,0,1590913919.623755,58727,1883,8,0,PA,502,0,3,0,0.0,0.0,0.0,9.0,10.0,0.0,0.0,19.0,2.0,0.0,9.014848,9.014848,-7.7e-05,1.001797,0.5008397178522864,1842.0,66.0,210.0,41.469437972008805,19.0,168.0,0.0,17.0,8.623373649530398,0.0
4,5,0,52,DF,0,64,6,0,1590913919.623803,1883,58727,8,0,A,509,0,3,0,0.0,0.0,0.0,10.0,10.0,0.0,0.0,20.0,2.0,0.0,9.014896,9.014896,-7.7e-05,1.001797,0.4979669084726318,1908.0,66.0,210.0,40.73395894404828,20.0,168.0,0.0,17.0,8.623102384689753,0.0
4,5,0,54,DF,0,64,6,0,1590913919.623862,58727,1883,8,0,PA,502,0,3,0,0.0,0.0,0.0,10.0,11.0,0.0,0.0,21.0,2.0,0.0,9.014955,9.014955,-7.7e-05,1.001797,0.4945068735917281,1976.0,66.0,210.0,39.98853590658914,21.0,170.0,0.0,17.0,8.520004471270903,0.0
4,5,0,52,DF,0,64,6,0,1590913919.623882,1883,58727,8,0,A,509,0,3,0,0.0,0.0,0.0,11.0,11.0,0.0,0.0,22.0,2.0,0.0,9.014975,9.014975,-7.7e-05,1.001797,0.4906338118027284,2042.0,66.0,210.0,39.32022011821561,22.0,170.0,0.0,17.0,8.491911098954942,0.0
4,5,0,54,DF,0,64,6,0,1590913919.625426,1883,58727,8,0,PA,509,0,3,0,0.0,0.0,0.0,11.0,12.0,0.0,0.0,23.0,2.0,0.0,9.016519,9.016519,-7.7e-05,1.001797,0.48642189729988955,2110.0,66.0,210.0,38.64367132317184,23.0,172.0,0.0,17.0,8.38217570593801,0.0
4,5,0,52,DF,0,64,6,0,1590913919.625443,58727,1883,8,0,A,502,0,3,0,0.0,0.0,0.0,12.0,12.0,0.0,0.0,24.0,2.0,0.0,9.016536,9.016536,-7.7e-05,1.001797,0.48207138962079393,2176.0,66.0,210.0,38.034478285649435,24.0,172.0,0.0,17.0,8.338838761126032,0.0
4,5,0,196,DF,0,1,17,0,1590913919.674746,33147,1900,,,,,,,0,0.0,0.0,0.0,12.0,12.0,0.0,0.0,24.0,3.0,0.0,9.065839,9.065839,-7.7e-05,1.001797,0.4762622492850196,2386.0,66.0,210.0,44.518058693720576,24.0,172.0,0.0,17.0,8.338838761126032,0.0
4,5,0,68,DF,0,64,6,0,1590913920.625385,58727,1883,8,0,PA,502,0,3,0,0.0,0.0,0.0,12.0,13.0,0.0,0.0,25.0,3.0,0.0,10.016478,10.016478,-7.7e-05,1.001797,0.48116726094715195,2468.0,66.0,210.0,43.702457160951056,25.0,188.0,0.0,17.0,8.35224520712844,0.0
4,5,0,52,DF,0,64,6,0,1590913920.625442,1883,58727,8,0,A,509,0,3,0,0.0,0.0,0.0,13.0,13.0,0.0,0.0,26.0,3.0,0.0,10.016535,10.016535,-7.7e-05,1.001797,0.4773476447773358,2534.0,66.0,210.0,43.11149481543959,26.0,188.0,0.0,17.0,8.315324129859004,0.0
4,5,0,196,DF,0,1,17,0,1590913920.675768,33147,1900,,,,,,,0,0.0,0.0,0.0,13.0,13.0,0.0,0.0,26.0,4.0,0.0,10.066861,10.066861,-7.7e-05,1.001797,0.47220915484573484,2744.0,66.0,210.0,47.913523635049394,26.0,188.0,0.0,17.0,8.315324129859004,0.0
4,5,0,69,DF,0,64,6,0,1590913921.627492,58727,1883,8,0,PA,502,0,3,0,0.0,0.0,0.0,13.0,14.0,0.0,0.0,27.0,4.0,0.0,11.018585,11.018585,-7.7e-05,1.001797,0.47694528635980177,2827.0,66.0,210.0,47.132734099094165,27.0,205.0,0.0,17.0,8.36779200386476,0.0
4,5,0,52,DF,0,64,6,0,1590913921.627547,1883,58727,8,0,A,509,0,3,0,0.0,0.0,0.0,14.0,14.0,0.0,0.0,28.0,4.0,0.0,11.01864,11.01864,-7.7e-05,1.001797,0.4735446415918285,2893.0,66.0,210.0,46.5796988695096,28.0,205.0,0.0,17.0,8.335793287711118,0.0
4,5,0,69,DF,0,64,6,0,1590913922.629387,58727,1883,8,0,PA,502,0,3,0,0.0,0.0,0.0,14.0,15.0,0.0,0.0,29.0,4.0,0.0,12.02048,12.02048,-7.7e-05,1.00184,0.4796541599342781,2976.0,66.0,210.0,45.86423889143816,29.0,222.0,0.0,17.0,8.380572184987326,0.0
4,5,0,52,DF,0,64,6,0,1590913922.629442,1883,58727,8,0,A,509,0,3,0,0.0,0.0,0.0,15.0,15.0,0.0,0.0,30.0,4.0,0.0,12.020535,12.020535,-7.7e-05,1.00184,0.47660586868808713,3042.0,66.0,210.0,45.353985020274145,30.0,222.0,0.0,17.0,8.35257548552417,0.0
4,5,0,69,DF,0,64,6,0,1590913923.630495,58727,1883,8,0,PA,502,0,3,0,0.0,0.0,0.0,15.0,16.0,0.0,0.0,31.0,4.0,0.0,13.021588,13.021588,-7.7e-05,1.00184,0.4818676202422457,3125.0,66.0,210.0,44.695421155515554,31.0,239.0,0.0,17.0,8.391239671574542,0.0
4,5,0,52,DF,0,64,6,0,1590913923.630546,1883,58727,8,0,A,509,0,3,0,0.0,0.0,0.0,16.0,16.0,0.0,0.0,32.0,4.0,0.0,13.021639,13.021639,-7.7e-05,1.00184,0.4791208933862153,3191.0,66.0,210.0,44.22291117753186,32.0,239.0,0.0,17.0,8.366540021746378,0.0
4,5,0,69,DF,0,64,6,0,1590913924.632241,58727,1883,8,0,PA,502,0,3,0,0.0,0.0,0.0,16.0,17.0,0.0,0.0,33.0,4.0,0.0,14.023334,14.023334,-7.7e-05,1.00184,0.4837465796597544,3274.0,66.0,210.0,43.614231636029096,33.0,256.0,0.0,17.0,8.400261539939928,0.0
4,5,0,52,DF,0,64,6,0,1590913924.632294,1883,58727,8,0,A,509,0,3,0,0.0,0.0,0.0,17.0,17.0,0.0,0.0,34.0,4.0,0.0,14.023387,14.023387,-7.7e-05,1.00184,0.4812591775410969,3340.0,66.0,210.0,43.175186488390004,34.0,256.0,0.0,17.0,8.378309998524317,0.0
4,5,0,68,DF,0,64,6,0,1590913925.634040,58727,1883,8,0,PA,502,0,3,0,0.0,0.0,0.0,17.0,18.0,0.0,0.0,35.0,4.0,0.0,15.025133,15.025133,-7.7e-05,1.00184,0.4853410212856709,3422.0,66.0,210.0,42.613759792075776,35.0,272.0,0.0,17.0,8.377440695405848,0.0
4,5,0,52,DF,0,64,6,0,1590913925.634094,1883,58727,8,0,A,509,0,3,0,0.0,0.0,0.0,18.0,18.0,0.0,0.0,36.0,4.0,0.0,15.025187,15.025187,-7.7e-05,1.00184,0.48307834183805987,3488.0,66.0,210.0,42.20414367795826,36.0,272.0,0.0,17.0,8.357868643019478,0.0
4,5,0,69,DF,0,64,6,0,1590913926.635954,58727,1883,8,0,PA,502,0,3,0,0.0,0.0,0.0,18.0,19.0,0.0,0.0,37.0,4.0,0.0,16.027047,16.027047,-7.7e-05,1.00186,0.4867091804596846,3571.0,66.0,210.0,41.67841460399422,37.0,289.0,0.0,17.0,8.385959952463661,0.0
4,5,0,52,DF,0,64,6,0,1590913926.636008,1883,58727,8,0,A,509,0,3,0,0.0,0.0,0.0,19.0,19.0,0.0,0.0,38.0,4.0,0.0,16.027101,16.027101,-7.7e-05,1.00186,0.48464241369389066,3637.0,66.0,210.0,41.29552005691654,38.0,289.0,0.0,17.0,8.368342771402654,0.0
4,5,0,69,DF,0,64,6,0,1590913927.637744,58727,1883,8,0,PA,502,0,3,0,0.0,0.0,0.0,19.0,20.0,0.0,0.0,39.0,4.0,0.0,17.028837,17.028837,-7.7e-05,1.00186,0.48788647505307986,3720.0,66.0,210.0,40.80462864327273,39.0,306.0,0.0,17.0,8.39341365074727,0.0
4,5,0,52,DF,0,64,6,0,1590913927.637802,1883,58727,8,0,A,509,0,3,0,0.0,0.0,0.0,20.0,20.0,0.0,0.0,40.0,4.0,0.0,17.028895,17.028895,-7.7e-05,1.00186,0.4859914088320245,3786.0,66.0,210.0,40.445745770740515,40.0,306.0,0.0,17.0,8.377472845796117,0.0
4,5,0,69,DF,0,64,6,0,1590913928.639545,58727,1883,8,0,PA,502,0,3,0,0.0,0.0,0.0,20.0,21.0,0.0,0.0,41.0,4.0,0.0,18.030638,18.030638,-7.7e-05,1.00186,0.48891055970838443,3869.0,66.0,210.0,39.98607080704303,41.0,323.0,0.0,17.0,8.39998548198513,0.0
4,5,0,52,DF,0,64,6,0,1590913928.639601,1883,58727,8,0,A,509,0,3,0,0.0,0.0,0.0,21.0,21.0,0.0,0.0,42.0,4.0,0.0,18.030694,18.030694,-7.7e-05,1.00186,0.4871669268012679,3935.0,66.0,210.0,39.648851193523676,42.0,323.0,0.0,17.0,8.385492976005573,0.0
4,5,0,69,DF,0,64,6,0,1590913929.641344,58727,1883,8,0,PA,502,0,3,0,0.0,0.0,0.0,21.0,22.0,0.0,0.0,43.0,4.0,0.0,19.032437,19.032437,-7.7e-05,1.00186,0.4898074785630851,4018.0,66.0,210.0,39.21727233737347,43.0,340.0,0.0,17.0,8.405819847520533,0.0
4,5,0,52,DF,0,64,6,0,1590913929.641401,1883,58727,8,0,A,509,0,3,0,0.0,0.0,0.0,22.0,22.0,0.0,0.0,44.0,4.0,0.0,19.032494,19.032494,-7.7e-05,1.00186,0.48819790500486077,4084.0,66.0,210.0,38.89967091330106,44.0,340.0,0.0,17.0,8.392587084469346,0.0
4,5,0,69,DF,0,64,6,0,1590913930.643146,58727,1883,8,0,PA,502,0,3,0,0.0,0.0,0.0,22.0,23.0,0.0,0.0,45.0,4.0,0.0,20.034239,20.034239,-7.7e-05,1.00186,0.49059796356090385,4167.0,66.0,210.0,38.493483855319305,45.0,357.0,0.0,17.0,8.411031717063878,0.0
4,5,0,52,DF,0,64,6,0,1590913930.643202,1883,58727,8,0,A,509,0,3,0,0.0,0.0,0.0,23.0,23.0,0.0,0.0,46.0,4.0,0.0,20.034295,20.034295,-7.7e-05,1.00186,0.48910769176806157,4233.0,66.0,210.0,38.19371141741445,46.0,357.0,0.0,17.0,8.398901469461338,0.0
4,5,0,69,DF,0,64,6,0,1590913931.643875,58727,1883,8,0,PA,502,0,3,0,0.0,0.0,0.0,23.0,24.0,0.0,0.0,47.0,4.0,0.0,21.034968,21.034968,-7.7e-05,1.00186,0.49127277730317387,4316.0,66.0,210.0,37.81055978655367,47.0,374.0,0.0,17.0,8.415713684397854,0.0
4,5,0,52,DF,0,64,6,0,1590913931.643932,1883,58727,8,0,A,509,0,3,0,0.0,0.0,0.0,24.0,24.0,0.0,0.0,48.0,4.0,0.0,21.035025,21.035025,-7.7e-05,1.00186,0.4898891451665102,4382.0,66.0,210.0,37.52704404413968,48.0,374.0,0.0,17.0,8.404553814611162,0.0
4,5,0,69,DF,0,64,6,0,1590913932.645680,58727,1883,8,0,PA,502,0,3,0,0.0,0.0,0.0,24.0,25.0,0.0,0.0,49.0,4.0,0.0,22.036773,22.036773,-7.7e-05,1.00186,0.49189830070900054,4465.0,66.0,210.0,37.164864331566505,49.0,391.0,0.0,17.0,8.419941102125673,0.0
4,5,0,52,DF,0,64,6,0,1590913932.645743,1883,58727,8,0,A,509,0,3,0,0.0,0.0,0.0,25.0,25.0,0.0,0.0,50.0,4.0,0.0,22.036836,22.036836,-7.7e-05,1.00186,0.4906101554065922,4531.0,66.0,210.0,36.896217793850695,50.0,391.0,0.0,17.0,8.409639755442948,0.0
4,5,0,69,DF,0,64,6,0,1590913933.646505,58727,1883,8,0,PA,502,0,3,0,0.0,0.0,0.0,25.0,26.0,0.0,0.0,51.0,4.0,0.0,23.037598,23.037598,-7.7e-05,1.00186,0.49243654820923805,4614.0,66.0,210.0,36.55319448332836,51.0,408.0,0.0,17.0,8.423775875461075,0.0
4,5,0,52,DF,0,64,6,0,1590913933.646559,1883,58727,8,0,A,509,0,3,0,0.0,0.0,0.0,26.0,26.0,0.0,0.0,52.0,4.0,0.0,23.037652,23.037652,-7.7e-05,1.00186,0.491234669123688,4680.0,66.0,210.0,36.29818785502166,52.0,408.0,0.0,17.0,8.414237736227188,0.0
4,5,0,69,DF,0,64,6,0,1590913934.648273,58727,1883,8,0,PA,502,0,3,0,0.0,0.0,0.0,26.0,27.0,0.0,0.0,53.0,4.0,0.0,24.039366,24.039366,-7.7e-05,1.00186,0.4929404548074444,4763.0,66.0,210.0,35.972716617627455,53.0,425.0,0.0,17.0,8.427269304141664,0.0
4,5,0,52,DF,0,64,6,0,1590913934.648329,1883,58727,8,0,A,509,0,3,0,0.0,0.0,0.0,27.0,27.0,0.0,0.0,54.0,4.0,0.0,24.039422,24.039422,-7.7e-05,1.00186,0.49181628412095685,4829.0,66.0,210.0,35.730256648523934,54.0,425.0,0.0,17.0,8.418412650752563,0.0
4,5,0,68,DF,0,64,6,0,1590913935.650038,58727,1883,8,0,PA,502,0,3,0,0.0,0.0,0.0,27.0,28.0,0.0,0.0,55.0,4.0,0.0,25.041131,25.041131,-7.7e-05,1.00186,0.4933953653183962,4911.0,66.0,210.0,35.42127696010566,55.0,441.0,0.0,17.0,8.411832294983213,0.0
4,5,0,52,DF,0,64,6,0,1590913935.650093,1883,58727,8,0,A,509,0,3,0,0.0,0.0,0.0,28.0,28.0,0.0,0.0,56.0,4.0,0.0,25.041186,25.041186,-7.7e-05,1.00186,0.49234167332470985,4977.0,66.0,210.0,35.19024566311677,56.0,441.0,0.0,17.0,8.403597714399146,0.0
4,5,0,69,DF,0,64,6,0,1590913936.651831,58727,1883,8,0,PA,502,0,3,0,0.0,0.0,0.0,28.0,29.0,0.0,0.0,57.0,4.0,0.0,26.042924,26.042924,-7.7e-05,1.00186,0.49380830831900435,5060.0,66.0,210.0,34.89576202994101,57.0,458.0,0.0,17.0,8.415472383568048,0.0
4,5,0,52,DF,0,64,6,0,1590913936.651890,1883,58727,8,0,A,509,0,3,0,0.0,0.0,0.0,29.0,29.0,0.0,0.0,58.0,4.0,0.0,26.042983,26.042983,-7.7e-05,1.00186,0.49281861957478285,5126.0,66.0,210.0,34.67543855717955,58.0,458.0,0.0,17.0,8.40778598049266,0.0
4,5,0,69,DF,0,64,6,0,1590913937.653549,58727,1883,8,0,PA,502,0,3,0,0.0,0.0,0.0,29.0,30.0,0.0,0.0,59.0,4.0,0.0,27.044642,27.044642,-7.7e-05,1.00186,0.4941824280706405,5209.0,66.0,210.0,34.394685165582324,59.0,475.0,0.0,17.0,8.418828915230185,0.0
4,5,0,52,DF,0,64,6,0,1590913937.653605,1883,58727,8,0,A,509,0,3,0,0.0,0.0,0.0,30.0,30.0,0.0,0.0,60.0,4.0,0.0,27.044698,27.044698,-7.7e-05,1.00186,0.49325119809524726,5275.0,66.0,210.0,34.18428335031471,60.0,475.0,0.0,17.0,8.411637754772498,0.0
4,5,0,69,DF,0,64,6,0,1590913938.654533,58727,1883,8,0,PA,502,0,3,0,0.0,0.0,0.0,30.0,31.0,0.0,0.0,61.0,4.0,0.0,28.045626,28.045626,-7.7e-05,1.00186,0.49451070243839823,5358.0,66.0,210.0,33.91624298859676,61.0,492.0,0.0,17.0,8.42193337355704,0.0
4,5,0,52,DF,0,64,6,0,1590913938.654590,1883,58727,8,0,A,509,0,3,0,0.0,0.0,0.0,31.0,31.0,0.0,0.0,62.0,4.0,0.0,28.045683,28.045683,-7.7e-05,1.00186,0.49363289188048914,5424.0,66.0,210.0,33.71505442832468,62.0,492.0,0.0,17.0,8.4151911187631,0.0
4,5,0,69,DF,0,64,6,0,1590913939.656121,58727,1883,8,0,PA,502,0,3,0,0.0,0.0,0.0,31.0,32.0,0.0,0.0,63.0,4.0,0.0,29.047214,29.047214,-7.7e-05,1.00186,0.49482153907792376,5507.0,66.0,210.0,33.45881176953836,63.0,509.0,0.0,17.0,8.424812790686552,0.0
4,5,0,52,DF,0,64,6,0,1590913939.656177,1883,58727,8,0,A,509,0,3,0,0.0,0.0,0.0,32.0,32.0,0.0,0.0,64.0,4.0,0.0,29.04727,29.04727,-7.7e-05,1.00186,0.4939926966539495,5573.0,66.0,210.0,33.26619629034471,64.0,509.0,0.0,17.0,8.418478706402881,0.0
4,5,0,68,DF,0,64,6,0,1590913940.657258,58727,1883,8,0,PA,502,0,3,0,0.0,0.0,0.0,32.0,33.0,0.0,0.0,65.0,4.0,0.0,30.048351,30.048351,-7.7e-05,1.00186,0.4950993303867897,5655.0,66.0,210.0,33.02068637839401,65.0,525.0,0.0,17.0,8.411873476498288,0.0
4,5,0,52,DF,0,64,6,0,1590913940.657315,1883,58727,8,0,A,509,0,3,0,0.0,0.0,0.0,33.0,33.0,0.0,0.0,66.0,4.0,0.0,30.048408,30.048408,-7.7e-05,1.00186,0.4943154693164952,5721.0,66.0,210.0,32.83596535992223,66.0,525.0,0.0,17.0,8.40591699693975,0.0
4,5,0,69,DF,0,64,6,0,1590913941.658504,58727,1883,8,0,PA,502,0,3,0,0.0,0.0,0.0,33.0,34.0,0.0,0.0,67.0,4.0,0.0,31.049597,31.049597,-7.7e-05,1.00186,0.4953566928302877,5804.0,66.0,210.0,32.600928255784886,67.0,542.0,0.0,17.0,8.414870213233423,0.0
4,5,0,52,DF,0,64,6,0,1590913941.658560,1883,58727,8,0,A,509,0,3,0,0.0,0.0,0.0,34.0,34.0,0.0,0.0,68.0,4.0,0.0,31.049653,31.049653,-7.7e-05,1.00186,0.4946142777174347,5870.0,66.0,210.0,32.42367949778794,68.0,542.0,0.0,17.0,8.409253233630333,0.0
4,5,0,68,DF,0,64,6,0,1590913942.659700,58727,1883,8,0,PA,502,0,3,0,0.0,0.0,0.0,34.0,35.0,0.0,0.0,69.0,4.0,0.0,32.050793,32.050793,-7.7e-05,1.00186,0.4955933806043515,5952.0,66.0,210.0,32.197775195647715,69.0,558.0,0.0,17.0,8.402974141609175,0.0
4,5,0,52,DF,0,64,6,0,1590913942.659755,1883,58727,8,0,A,509,0,3,0,0.0,0.0,0.0,35.0,35.0,0.0,0.0,70.0,4.0,0.0,32.050848,32.050848,-7.7e-05,1.00186,0.4948892183260557,6018.0,66.0,210.0,32.027431781576084,70.0,558.0,0.0,17.0,8.397672949876345,0.0
4,5,0,69,DF,0,64,6,0,1590913943.661475,58727,1883,8,0,PA,502,0,3,0,0.0,0.0,0.0,35.0,36.0,0.0,0.0,71.0,4.0,0.0,33.052568,33.052568,-7.7e-05,1.00186,0.49582117493869904,6101.0,66.0,210.0,31.810882607250186,71.0,575.0,0.0,17.0,8.406043624470373,0.0
4,5,0,52,DF,0,64,6,0,1590913943.661530,1883,58727,8,0,A,509,0,3,0,0.0,0.0,0.0,36.0,36.0,0.0,0.0,72.0,4.0,0.0,33.052623,33.052623,-7.7e-05,1.00186,0.4951523640986992,6167.0,66.0,210.0,31.64709736974032,72.0,575.0,0.0,17.0,8.401027863933022,0.0
4,5,0,69,DF,0,64,6,0,1590913944.663278,58727,1883,8,0,PA,502,0,3,0,0.0,0.0,0.0,36.0,37.0,0.0,0.0,73.0,4.0,0.0,34.054371,34.054371,-7.7e-05,1.00186,0.4960328642284202,6250.0,66.0,210.0,31.438914286447535,73.0,592.0,0.0,17.0,8.40892654636134,0.0
4,5,0,52,DF,0,64,6,0,1590913944.663332,1883,58727,8,0,A,509,0,3,0,0.0,0.0,0.0,37.0,37.0,0.0,0.0,74.0,4.0,0.0,34.054425,34.054425,-7.7e-05,1.00186,0.4953968241226156,6316.0,66.0,210.0,31.281285371909107,74.0,592.0,0.0,17.0,8.404173783680426,0.0
4,5,0,69,DF,0,64,6,0,1590913945.664874,58727,1883,8,0,PA,502,0,3,0,0.0,0.0,0.0,37.0,38.0,0.0,0.0,75.0,4.0,0.0,35.055967,35.055967,-7.7e-05,1.00186,0.4962266626079838,6399.0,66.0,210.0,31.080953026341405,75.0,609.0,0.0,17.0,8.411639297763289,0.0
4,5,0,52,DF,0,64,6,0,1590913945.664931,1883,58727,8,0,A,509,0,3,0,0.0,0.0,0.0,38.0,38.0,0.0,0.0,76.0,4.0,0.0,35.056024,35.056024,-7.7e-05,1.00186,0.4956210058261209,6465.0,66.0,210.0,30.929111987809,76.0,609.0,0.0,17.0,8.407129388882003,0.0
4,5,0,69,DF,0,64,6,0,1590913946.666777,58727,1883,8,0,PA,502,0,3,0,0.0,0.0,0.0,38.0,39.0,0.0,0.0,77.0,4.0,0.0,36.05787,36.05787,-7.7e-05,1.00186,0.49641136294493193,6548.0,66.0,210.0,30.73615818141699,77.0,626.0,0.0,17.0,8.414196414316777,0.0
4,5,0,52,DF,0,64,6,0,1590913946.666833,1883,58727,8,0,A,509,0,3,0,0.0,0.0,0.0,39.0,39.0,0.0,0.0,78.0,4.0,0.0,36.057926,36.057926,-7.7e-05,1.00186,0.4958340034946137,6614.0,66.0,210.0,30.58976650966674,78.0,626.0,0.0,17.0,8.409911219900405,0.0
4,5,0,69,DF,0,64,6,0,1590913947.668476,58727,1883,8,0,PA,502,0,3,0,0.0,0.0,0.0,39.0,40.0,0.0,0.0,79.0,4.0,0.0,37.059569,37.059569,-7.7e-05,1.00186,0.496580977053286,6697.0,66.0,210.0,30.403757674871,79.0,643.0,0.0,17.0,8.416610830810258,0.0
4,5,0,52,DF,0,64,6,0,1590913947.668533,1883,58727,8,0,A,509,0,3,0,0.0,0.0,0.0,40.0,40.0,0.0,0.0,80.0,4.0,0.0,37.059626,37.059626,-7.7e-05,1.00186,0.4960299626935503,6763.0,66.0,210.0,30.262503757580394,80.0,643.0,0.0,17.0,8.412533973072636,0.0
4,5,0,69,DF,0,64,6,0,1590913948.670299,58727,1883,8,0,PA,502,0,3,0,0.0,0.0,0.0,40.0,41.0,0.0,0.0,81.0,4.0,0.0,38.061392,38.061392,-7.7e-05,1.00186,0.4967411575821553,6846.0,66.0,210.0,30.083040998913273,81.0,660.0,0.0,17.0,8.418894094700192,0.0
4,5,0,52,DF,0,64,6,0,1590913948.670355,1883,58727,8,0,A,509,0,3,0,0.0,0.0,0.0,41.0,41.0,0.0,0.0,82.0,4.0,0.0,38.061448,38.061448,-7.7e-05,1.00186,0.49621474676156746,6912.0,66.0,210.0,29.94663744715331,82.0,660.0,0.0,17.0,8.415010748765376,0.0
4,5,0,69,DF,0,64,6,0,1590913949.672109,58727,1883,8,0,PA,502,0,3,0,0.0,0.0,0.0,41.0,42.0,0.0,0.0,83.0,4.0,0.0,39.063202,39.063202,-7.7e-05,1.00186,0.49689102985943334,6995.0,66.0,210.0,29.773353066011406,83.0,677.0,0.0,17.0,8.421056546467376,0.0
4,5,0,52,DF,0,64,6,0,1590913949.672166,1883,58727,8,0,A,509,0,3,0,0.0,0.0,0.0,42.0,42.0,0.0,0.0,84.0,4.0,0.0,39.063259,39.063259,-7.7e-05,1.00186,0.49638759291081214,7061.0,66.0,210.0,29.641534357024476,84.0,677.0,0.0,17.0,8.417353260680517,0.0
4,5,0,69,DF,0,64,6,0,1590913950.673927,58727,1883,8,0,PA,502,0,3,0,0.0,0.0,0.0,42.0,43.0,0.0,0.0,85.0,4.0,0.0,40.06502,40.06502,-7.7e-05,1.00186,0.4970317020381186,7144.0,66.0,210.0,29.47408879189244,85.0,694.0,0.0,17.0,8.423107472649171,0.0
4,5,0,52,DF,0,64,6,0,1590913950.673984,1883,58727,8,0,A,509,0,3,0,0.0,0.0,0.0,43.0,43.0,0.0,0.0,86.0,4.0,0.0,40.065077,40.065077,-7.7e-05,1.00186,0.4965497786895846,7210.0,66.0,210.0,29.34660918507746,86.0,694.0,0.0,17.0,8.41957201325916,0.0
4,5,0,69,DF,0,64,6,0,1590913951.675966,58727,1883,8,0,PA,502,0,3,0,0.0,0.0,0.0,43.0,44.0,0.0,0.0,87.0,4.0,0.0,41.067059,41.067059,-7.7e-05,1.001982,0.49716660013808,7293.0,66.0,210.0,29.18468830990031,87.0,711.0,0.0,17.0,8.425055236243916,0.0
4,5,0,52,DF,0,64,6,0,1590913951.676021,1883,58727,8,0,A,509,0,3,0,0.0,0.0,0.0,44.0,44.0,0.0,0.0,88.0,4.0,0.0,41.067114,41.067114,-7.7e-05,1.001982,0.49670485918781565,7359.0,66.0,210.0,29.061319999522865,88.0,711.0,0.0,17.0,8.421676452688752,0.0
4,5,0,69,DF,0,64,6,0,1590913952.677751,58727,1883,8,0,PA,502,0,3,0,0.0,0.0,0.0,44.0,45.0,0.0,0.0,89.0,4.0,0.0,42.068844,42.068844,-7.7e-05,1.001982,0.49729055707803976,7442.0,66.0,210.0,28.90463273181972,89.0,728.0,0.0,17.0,8.426907388285791,0.0
4,5,0,52,DF,0,64,6,0,1590913952.677819,1883,58727,8,0,A,509,0,3,0,0.0,0.0,0.0,45.0,45.0,0.0,0.0,90.0,4.0,0.0,42.068912,42.068912,-7.7e-05,1.001982,0.49684761427667445,7508.0,66.0,210.0,28.785164205445785,90.0,728.0,0.0,17.0,8.423675095962988,0.0
4,5,0,69,DF,0,64,6,0,1590913953.679535,58727,1883,8,0,PA,502,0,3,0,0.0,0.0,0.0,45.0,46.0,0.0,0.0,91.0,4.0,0.0,43.070628,43.070628,-7.7e-05,1.001982,0.4974070709900448,7591.0,66.0,210.0,28.633440383137543,91.0,745.0,0.0,17.0,8.428670763678626,0.0
4,5,0,52,DF,0,64,6,0,1590913953.679591,1883,58727,8,0,A,509,0,3,0,0.0,0.0,0.0,46.0,46.0,0.0,0.0,92.0,4.0,0.0,43.070684,43.070684,-7.7e-05,1.001982,0.49698203767127985,7657.0,66.0,210.0,28.517674959360193,92.0,745.0,0.0,17.0,8.425575641610418,0.0
4,5,0,69,DF,0,64,6,0,1590913954.681327,58727,1883,8,0,PA,502,0,3,0,0.0,0.0,0.0,46.0,47.0,0.0,0.0,93.0,4.0,0.0,44.07242,44.07242,-7.7e-05,1.001982,0.4975173578038928,7740.0,66.0,210.0,28.370663451416494,93.0,762.0,0.0,17.0,8.430351563812808,0.0
4,5,0,52,DF,0,64,6,0,1590913954.681382,1883,58727,8,0,A,509,0,3,0,0.0,0.0,0.0,47.0,47.0,0.0,0.0,94.0,4.0,0.0,44.072475,44.072475,-7.7e-05,1.001982,0.49710907247265146,7806.0,66.0,210.0,28.258417974270674,94.0,762.0,0.0,17.0,8.42738506504514,0.0
4,5,0,69,DF,0,64,6,0,1590913955.682943,58727,1883,8,0,PA,502,0,3,0,0.0,0.0,0.0,47.0,48.0,0.0,0.0,95.0,4.0,0.0,45.074036,45.074036,-7.7e-05,1.001982,0.4976196098285492,7889.0,66.0,210.0,28.115884995397487,95.0,779.0,0.0,17.0,8.431955428038359,0.0
4,5,0,52,DF,0,64,6,0,1590913955.682999,1883,58727,8,0,A,509,0,3,0,0.0,0.0,0.0,48.0,48.0,0.0,0.0,96.0,4.0,0.0,45.074092,45.074092,-7.7e-05,1.001982,0.4972270864349323,7955.0,66.0,210.0,28.006988666070725,96.0,779.0,0.0,17.0,8.429109700963512,0.0
4,5,0,69,DF,0,64,6,0,1590913956.684751,58727,1883,8,0,PA,502,0,3,0,0.0,0.0,0.0,48.0,49.0,0.0,0.0,97.0,4.0,0.0,46.075844,46.075844,-7.7e-05,1.001982,0.49771841388807286,8038.0,66.0,210.0,27.868716269944215,97.0,796.0,0.0,17.0,8.43348749570462,0.0
4,5,0,52,DF,0,64,6,0,1590913956.684807,1883,58727,8,0,A,509,0,3,0,0.0,0.0,0.0,49.0,49.0,0.0,0.0,98.0,4.0,0.0,46.0759,46.0759,-7.7e-05,1.001982,0.4973407646490574,8104.0,66.0,210.0,27.763009599098076,98.0,796.0,0.0,17.0,8.43075531478541,0.0
4,5,0,69,DF,0,64,6,0,1590913957.686427,58727,1883,8,0,PA,502,0,3,0,0.0,0.0,0.0,49.0,50.0,0.0,0.0,99.0,4.0,0.0,47.07752,47.07752,-7.7e-05,1.001982,0.4978105857042889,8187.0,66.0,210.0,27.628794328250066,99.0,813.0,0.0,17.0,8.434952460184103,0.0
4,5,0,52,DF,0,64,6,0,1590913957.686477,1883,58727,8,0,A,509,0,3,0,0.0,0.0,0.0,50.0,50.0,0.0,0.0,100.0,4.0,0.0,47.07757,47.07757,-7.7e-05,1.001982,0.497447036957008,8253.0,66.0,210.0,27.526128194555838,100.0,813.0,0.0,17.0,8.432327164795103,0.0
4,5,0,69,DF,0,64,6,0,1590913958.688183,58727,1883,8,0,PA,502,0,3,0,0.0,0.0,0.0,50.0,51.0,0.0,0.0,101.0,4.0,0.0,48.079276,48.079276,-7.7e-05,1.001982,0.4978989393962078,8336.0,66.0,210.0,27.395779868051843,101.0,830.0,0.0,17.0,8.436354616060232,0.0
4,5,0,52,DF,0,64,6,0,1590913958.688236,1883,58727,8,0,A,509,0,3,0,0.0,0.0,0.0,51.0,51.0,0.0,0.0,102.0,4.0,0.0,48.079329,48.079329,-7.7e-05,1.001982,0.4975486392026307,8402.0,66.0,210.0,27.296014670484126,102.0,830.0,0.0,17.0,8.433830056358154,0.0
4,5,0,69,DF,0,64,6,0,1590913959.689971,58727,1883,8,0,PA,502,0,3,0,0.0,0.0,0.0,51.0,52.0,0.0,0.0,103.0,4.0,0.0,49.081064,49.081064,-7.7e-05,1.001982,0.49798308956625514,8485.0,66.0,210.0,27.16935529310274,103.0,847.0,0.0,17.0,8.437697900464844,0.0
4,5,0,52,DF,0,64,6,0,1590913959.690024,1883,58727,8,0,A,509,0,3,0,0.0,0.0,0.0,52.0,52.0,0.0,0.0,104.0,4.0,0.0,49.081117,49.081117,-7.7e-05,1.001982,0.49764535172585334,8551.0,66.0,210.0,27.072360186185037,104.0,847.0,0.0,17.0,8.43526838936364,0.0
4,5,0,69,DF,0,64,6,0,1590913960.691767,58727,1883,8,0,PA,502,0,3,0,0.0,0.0,0.0,52.0,53.0,0.0,0.0,105.0,4.0,0.0,50.08286,50.08286,-7.7e-05,1.001982,0.49806314567838633,8634.0,66.0,210.0,26.94922296498698,105.0,864.0,0.0,17.0,8.438985929392436,0.0
4,5,0,52,DF,0,64,6,0,1590913960.691825,1883,58727,8,0,A,509,0,3,0,0.0,0.0,0.0,53.0,53.0,0.0,0.0,106.0,4.0,0.0,50.082918,50.082918,-7.7e-05,1.001982,0.497737264104893,8700.0,66.0,210.0,26.854875167590876,106.0,864.0,0.0,17.0,8.436646199854975,0.0
4,5,0,69,DF,0,64,6,0,1590913961.693291,58727,1883,8,0,PA,502,0,3,0,0.0,0.0,0.0,53.0,54.0,0.0,0.0,107.0,4.0,0.0,51.084384,51.084384,-7.7e-05,1.001982,0.49813652583347556,8783.0,66.0,210.0,26.735103623621246,107.0,881.0,0.0,17.0,8.440222029687456,0.0
4,5,0,52,DF,0,64,6,0,1590913961.693337,1883,58727,8,0,A,509,0,3,0,0.0,0.0,0.0,54.0,54.0,0.0,0.0,108.0,4.0,0.0,51.08443,51.08443,-7.7e-05,1.001982,0.49782203015759374,8849.0,66.0,210.0,26.64328779312502,108.0,881.0,0.0,17.0,8.437967196659823,0.0
4,5,0,69,DF,0,64,6,0,1590913962.694916,58727,1883,8,0,PA,502,0,3,0,0.0,0.0,0.0,54.0,55.0,0.0,0.0,109.0,4.0,0.0,52.086009,52.086009,-7.7e-05,1.001982,0.49820757899064977,8932.0,66.0,210.0,26.52673495757594,109.0,898.0,0.0,17.0,8.441409267293043,0.0
4,5,0,52,DF,0,64,6,0,1590913962.694968,1883,58727,8,0,A,509,0,3,0,0.0,0.0,0.0,55.0,55.0,0.0,0.0,110.0,4.0,0.0,52.086061,52.086061,-7.7e-05,1.001982,0.4979037388388521,8998.0,66.0,210.0,26.43734262222096,110.0,898.0,0.0,17.0,8.43923479370332,0.0
4,5,0,69,DF,0,64,6,0,1590913963.696571,58727,1883,8,0,PA,502,0,3,0,0.0,0.0,0.0,55.0,56.0,0.0,0.0,111.0,4.0,0.0,53.087664,53.087664,-7.7e-05,1.001982,0.49827547487022816,9081.0,66.0,210.0,26.32387030773861,111.0,915.0,0.0,17.0,8.442550472260056,0.0
4,5,0,52,DF,0,64,6,0,1590913963.696623,1883,58727,8,0,A,509,0,3,0,0.0,0.0,0.0,56.0,56.0,0.0,0.0,112.0,4.0,0.0,53.087716,53.087716,-7.7e-05,1.001982,0.4979818042711644,9147.0,66.0,210.0,26.236799350909973,112.0,915.0,0.0,17.0,8.440452138584302,0.0
4,5,0,69,DF,0,64,6,0,1590913964.697451,58727,1883,8,0,PA,502,0,3,0,0.0,0.0,0.0,56.0,57.0,0.0,0.0,113.0,4.0,0.0,54.088544,54.088544,-7.7e-05,1.001982,0.4983330098437554,9230.0,66.0,210.0,26.126277489893717,113.0,932.0,0.0,17.0,8.443648260940764,0.0
4,5,0,52,DF,0,64,6,0,1590913964.697505,1883,58727,8,0,A,509,0,3,0,0.0,0.0,0.0,57.0,57.0,0.0,0.0,114.0,4.0,0.0,54.088598,54.088598,-7.7e-05,1.001982,0.49804899581309475,9296.0,66.0,210.0,26.041431680817254,114.0,932.0,0.0,17.0,8.44162213790721,0.0
4,5,0,69,DF,0,64,6,0,1590913965.699229,58727,1883,8,0,PA,502,0,3,0,0.0,0.0,0.0,57.0,58.0,0.0,0.0,115.0,4.0,0.0,55.090322,55.090322,-7.7e-05,1.001982,0.4983960768562912,9379.0,66.0,210.0,25.93373772356166,115.0,949.0,0.0,17.0,8.44470505572935,0.0
4,5,0,52,DF,0,64,6,0,1590913965.699285,1883,58727,8,0,A,509,0,3,0,0.0,0.0,0.0,58.0,58.0,0.0,0.0,116.0,4.0,0.0,55.090378,55.090378,-7.7e-05,1.001982,0.4981212450297718,9445.0,66.0,210.0,25.851026289570978,116.0,949.0,0.0,17.0,8.442747479789755,0.0
4,5,0,69,DF,0,64,6,0,1590913966.700930,58727,1883,8,0,PA,502,0,3,0,0.0,0.0,0.0,58.0,59.0,0.0,0.0,117.0,4.0,0.0,56.092023,56.092023,-7.7e-05,1.001982,0.4984556274154202,9528.0,66.0,210.0,25.746044655966035,117.0,966.0,0.0,17.0,8.445723102659146,0.0
4,5,0,52,DF,0,64,6,0,1590913966.700988,1883,58727,8,0,A,509,0,3,0,0.0,0.0,0.0,59.0,59.0,0.0,0.0,118.0,4.0,0.0,56.092081,56.092081,-7.7e-05,1.001982,0.4981895395734035,9594.0,66.0,210.0,25.665381892066755,118.0,966.0,0.0,17.0,8.443830653905573,0.0
4,5,0,69,DF,0,64,6,0,1590913967.702667,58727,1883,8,0,PA,502,0,3,0,0.0,0.0,0.0,59.0,60.0,0.0,0.0,119.0,4.0,0.0,57.09376,57.09376,-7.7e-05,1.001982,0.4985128706305205,9677.0,66.0,210.0,25.56300347132049,119.0,983.0,0.0,17.0,8.446704487122703,0.0
4,5,0,52,DF,0,64,6,0,1590913967.702724,1883,58727,8,0,A,509,0,3,0,0.0,0.0,0.0,60.0,60.0,0.0,0.0,120.0,4.0,0.0,57.093817,57.093817,-7.7e-05,1.001982,0.4982551382682485,9743.0,66.0,210.0,25.484308383276392,120.0,983.0,0.0,17.0,8.444873969370024,0.0
4,5,0,69,DF,0,64,6,0,1590913968.704392,58727,1883,8,0,PA,502,0,3,0,0.0,0.0,0.0,60.0,61.0,0.0,0.0,121.0,4.0,0.0,58.095485,58.095485,-7.7e-05,1.001982,0.49856757961994363,9826.0,66.0,210.0,25.38443007677306,121.0,1000.0,0.0,17.0,8.447651147943752,0.0
4,5,0,52,DF,0,64,6,0,1590913968.704449,1883,58727,8,0,A,509,0,3,0,0.0,0.0,0.0,61.0,61.0,0.0,0.0,122.0,4.0,0.0,58.095542,58.095542,-7.7e-05,1.001982,0.49831780839234585,9892.0,66.0,210.0,25.30762605437216,122.0,1000.0,0.0,17.0,8.445879570734105,0.0
4,5,0,69,DF,0,64,6,0,1590913969.706172,58727,1883,8,0,PA,502,0,3,0,0.0,0.0,0.0,61.0,62.0,0.0,0.0,123.0,4.0,0.0,59.097265,59.097265,-7.7e-05,1.001982,0.4986204604568251,9975.0,66.0,210.0,25.21015035734357,123.0,1017.0,0.0,17.0,8.448564889998762,0.0
4,5,0,52,DF,0,64,6,0,1590913969.706228,1883,58727,8,0,A,509,0,3,0,0.0,0.0,0.0,62.0,62.0,0.0,0.0,124.0,4.0,0.0,59.097321,59.097321,-7.7e-05,1.001982,0.4983782944610092,10041.0,66.0,210.0,25.135164874880005,124.0,1017.0,0.0,17.0,8.446849452315108,0.0
4,5,0,69,DF,0,64,6,0,1590913970.707880,58727,1883,8,0,PA,502,0,3,0,0.0,0.0,0.0,62.0,63.0,0.0,0.0,125.0,4.0,0.0,60.098973,60.098973,-7.7e-05,1.001982,0.4986705721417621,10124.0,66.0,210.0,25.039999493059163,125.0,1034.0,0.0,17.0,8.449447395559226,0.0
4,5,0,52,DF,0,64,6,0,1590913970.707933,1883,58727,8,0,A,509,0,3,0,0.0,0.0,0.0,63.0,63.0,0.0,0.0,126.0,4.0,0.0,60.099026,60.099026,-7.7e-05,1.001982,0.49843568469717414,10190.0,66.0,210.0,24.966763834396964,126.0,1034.0,0.0,17.0,8.447785471061595,0.0
4,5,0,69,DF,0,64,6,0,1590913971.709499,58727,1883,8,0,PA,502,0,3,0,0.0,0.0,0.0,63.0,64.0,0.0,0.0,127.0,4.0,0.0,61.100592,61.100592,-7.7e-05,1.001982,0.4987179595318203,10273.0,66.0,210.0,24.873821332252508,127.0,1051.0,0.0,17.0,8.45030023450311,0.0
4,5,0,52,DF,0,64,6,0,1590913971.709553,1883,58727,8,0,A,509,0,3,0,0.0,0.0,0.0,64.0,64.0,0.0,0.0,128.0,4.0,0.0,61.100646,61.100646,-7.7e-05,1.001982,0.4984900000994561,10339.0,66.0,210.0,24.802270338126604,128.0,1051.0,0.0,17.0,8.44868935812406,0.0
4,5,0,69,DF,0,64,6,0,1590913972.710524,58727,1883,8,0,PA,502,0,3,0,0.0,0.0,0.0,64.0,65.0,0.0,0.0,129.0,4.0,0.0,62.101617,62.101617,-7.7e-05,1.001982,0.49875860775065334,10422.0,66.0,210.0,24.71146781565211,129.0,1068.0,0.0,17.0,8.451124873524646,0.0
4,5,0,52,DF,0,64,6,0,1590913972.710579,1883,58727,8,0,A,509,0,3,0,0.0,0.0,0.0,65.0,65.0,0.0,0.0,130.0,4.0,0.0,62.101672,62.101672,-7.7e-05,1.001982,0.49853727662853226,10488.0,66.0,210.0,24.641539651115774,130.0,1068.0,0.0,17.0,8.44956272928017,0.0
4,5,0,69,DF,0,64,6,0,1590913973.712326,58727,1883,8,0,PA,502,0,3,0,0.0,0.0,0.0,65.0,66.0,0.0,0.0,131.0,4.0,0.0,63.103419,63.103419,-7.7e-05,1.001982,0.4988038154400083,10571.0,66.0,210.0,24.552798446477425,131.0,1085.0,0.0,17.0,8.451922684454981,0.0
4,5,0,52,DF,0,64,6,0,1590913973.712382,1883,58727,8,0,A,509,0,3,0,0.0,0.0,0.0,66.0,66.0,0.0,0.0,132.0,4.0,0.0,63.103475,63.103475,-7.7e-05,1.001982,0.4985888243734333,10637.0,66.0,210.0,24.484434386628486,132.0,1085.0,0.0,17.0,8.450407094344238,0.0
4,5,0,69,DF,0,64,6,0,1590913974.714138,58727,1883,8,0,PA,502,0,3,0,0.0,0.0,0.0,66.0,67.0,0.0,0.0,133.0,4.0,0.0,64.105231,64.105231,-7.7e-05,1.001982,0.4988473451236619,10720.0,66.0,210.0,24.397679802263806,133.0,1102.0,0.0,17.0,8.452694951792116,0.0
4,5,0,52,DF,0,64,6,0,1590913974.714193,1883,58727,8,0,A,509,0,3,0,0.0,0.0,0.0,67.0,67.0,0.0,0.0,134.0,4.0,0.0,64.105286,64.105286,-7.7e-05,1.001982,0.4986384391438606,10786.0,66.0,210.0,24.330824034578633,134.0,1102.0,0.0,17.0,8.45122386567419,0.0
4,5,0,69,DF,0,64,6,0,1590913975.715930,58727,1883,8,0,PA,502,0,3,0,0.0,0.0,0.0,67.0,68.0,0.0,0.0,135.0,4.0,0.0,65.107023,65.107023,-7.7e-05,1.001982,0.4988890841243035,10869.0,66.0,210.0,24.245985084593773,135.0,1119.0,0.0,17.0,8.453442879526243,0.0
4,5,0,52,DF,0,64,6,0,1590913975.715983,1883,58727,8,0,A,509,0,3,0,0.0,0.0,0.0,68.0,68.0,0.0,0.0,136.0,4.0,0.0,65.107076,65.107076,-7.7e-05,1.001982,0.49868601577860094,10935.0,66.0,210.0,24.180584526371543,136.0,1119.0,0.0,17.0,8.452014365875073,0.0
4,5,0,69,DF,0,64,6,0,1590913976.717642,58727,1883,8,0,PA,502,0,3,0,0.0,0.0,0.0,68.0,69.0,0.0,0.0,137.0,4.0,0.0,66.108735,66.108735,-7.7e-05,1.001982,0.49892868260400286,11018.0,66.0,210.0,24.097593703309194,137.0,1136.0,0.0,17.0,8.45416759733607,0.0
4,5,0,52,DF,0,64,6,0,1590913976.717699,1883,58727,8,0,A,509,0,3,0,0.0,0.0,0.0,69.0,69.0,0.0,0.0,138.0,4.0,0.0,66.108792,66.108792,-7.7e-05,1.001982,0.4987311712456252,11084.0,66.0,210.0,24.033597832882364,138.0,1136.0,0.0,17.0,8.452779834785977,0.0
4,5,0,69,DF,0,64,6,0,1590913977.718357,58727,1883,8,0,PA,502,0,3,0,0.0,0.0,0.0,69.0,70.0,0.0,0.0,139.0,4.0,0.0,67.10945,67.10945,-7.7e-05,1.001982,0.49895927411517776,11167.0,66.0,210.0,23.95239089213066,139.0,1153.0,0.0,17.0,8.454870166222673,0.0
4,5,0,52,DF,0,64,6,0,1590913977.718412,1883,58727,8,0,A,509,0,3,0,0.0,0.0,0.0,70.0,70.0,0.0,0.0,140.0,4.0,0.0,67.109505,67.109505,-7.7e-05,1.001982,0.49876713686663465,11233.0,66.0,210.0,23.88975159263342,140.0,1153.0,0.0,17.0,8.4535214358267,0.0
4,5,0,68,DF,0,64,6,0,1590913978.719021,58727,1883,8,0,PA,502,0,3,0,0.0,0.0,0.0,70.0,71.0,0.0,0.0,141.0,4.0,0.0,68.110114,68.110114,-7.7e-05,1.001982,0.49898835485694815,11315.0,66.0,210.0,23.808965921214384,141.0,1169.0,0.0,17.0,8.448616968045462,0.0
4,5,0,52,DF,0,64,6,0,1590913978.719077,1883,58727,8,0,A,509,0,3,0,0.0,0.0,0.0,71.0,71.0,0.0,0.0,142.0,4.0,0.0,68.11017,68.11017,-7.7e-05,1.001982,0.49880135648563545,11381.0,66.0,210.0,23.74761902890065,142.0,1169.0,0.0,17.0,8.447304738608546,0.0
4,5,0,54,DF,0,64,6,0,1590913979.721086,58727,1883,8,0,PA,502,0,3,0,0.0,0.0,0.0,71.0,72.0,0.0,0.0,143.0,4.0,0.0,69.112179,69.112179,-7.7e-05,1.002009,0.49902655283601094,11449.0,66.0,210.0,23.680382322557698,143.0,1171.0,0.0,17.0,8.433627399404518,0.0
4,5,0,52,DF,0,64,6,0,1590913979.721138,1883,58727,8,0,A,509,0,3,0,0.0,0.0,0.0,72.0,72.0,0.0,0.0,144.0,4.0,0.0,69.112231,69.112231,-7.7e-05,1.002009,0.4988445176210619,11515.0,66.0,210.0,23.619909388210242,144.0,1171.0,0.0,17.0,8.431746973899124,0.0
4,5,0,69,DF,0,64,6,0,1590913979.721179,58727,1883,8,0,PA,502,0,3,0,0.0,0.0,0.0,72.0,73.0,0.0,0.0,145.0,4.0,0.0,69.112272,69.112272,-7.7e-05,1.002009,0.49864445409287667,11598.0,66.0,210.0,23.543825469919422,145.0,1188.0,0.0,17.0,8.434631447955224,0.0
4,5,0,52,DF,0,64,6,0,1590913979.721224,1883,58727,8,0,A,509,0,3,0,0.0,0.0,0.0,73.0,73.0,0.0,0.0,146.0,4.0,0.0,69.112317,69.112317,-7.7e-05,1.002009,0.4984270194378916,11664.0,66.0,210.0,23.484588692167222,146.0,1188.0,0.0,17.0,8.432801421858617,0.0
4,5,0,54,DF,0,64,6,0,1590913979.721503,1883,58727,8,0,PA,509,0,3,0,0.0,0.0,0.0,73.0,74.0,0.0,0.0,147.0,4.0,0.0,69.112596,69.112596,-7.7e-05,1.002009,0.4981915095472121,11732.0,66.0,210.0,23.419647984113237,147.0,1190.0,0.0,17.0,8.419102003112492,0.0
4,5,0,52,DF,0,64,6,0,1590913979.721514,58727,1883,8,0,A,502,0,3,0,0.0,0.0,0.0,74.0,74.0,0.0,0.0,148.0,4.0,0.0,69.112607,69.112607,-7.7e-05,1.002009,0.49794174645152833,11798.0,66.0,210.0,23.361238686916916,148.0,1190.0,0.0,17.0,8.416762007982973,0.0
4,5,0,68,DF,0,64,6,0,1590913980.722473,58727,1883,8,0,PA,502,0,3,0,0.0,0.0,0.0,74.0,75.0,0.0,0.0,149.0,4.0,0.0,70.113566,70.113566,-7.7e-05,1.002009,0.49824251912692624,11880.0,66.0,210.0,23.286960036465434,149.0,1206.0,0.0,17.0,8.413584801651655,0.0
4,5,0,52,DF,0,64,6,0,1590913980.722529,1883,58727,8,0,A,509,0,3,0,0.0,0.0,0.0,75.0,75.0,0.0,0.0,150.0,4.0,0.0,70.113622,70.113622,-7.7e-05,1.002009,0.4979987449568763,11946.0,66.0,210.0,23.229701840941647,150.0,1206.0,0.0,17.0,8.411305910148196,0.0
4,5,0,69,DF,0,64,6,0,1590913981.723837,58727,1883,8,0,PA,502,0,3,0,0.0,0.0,0.0,75.0,76.0,0.0,0.0,151.0,4.0,0.0,71.11493,71.11493,-7.7e-05,1.002009,0.498293855731589,12029.0,66.0,210.0,23.158263166990835,151.0,1223.0,0.0,17.0,8.414871729572921,0.0
4,5,0,52,DF,0,64,6,0,1590913981.723891,1883,58727,8,0,A,509,0,3,0,0.0,0.0,0.0,76.0,76.0,0.0,0.0,152.0,4.0,0.0,71.114984,71.114984,-7.7e-05,1.002009,0.49805612784603076,12095.0,66.0,210.0,23.102135042178045,152.0,1223.0,0.0,17.0,8.412651160417889,0.0
4,5,0,69,DF,0,64,6,0,1590913982.725537,58727,1883,8,0,PA,502,0,3,0,0.0,0.0,0.0,76.0,77.0,0.0,0.0,153.0,4.0,0.0,72.11663,72.11663,-7.7e-05,1.002009,0.498345724951255,12178.0,66.0,210.0,23.03210520827404,153.0,1240.0,0.0,17.0,8.416121277121736,0.0
4,5,0,52,DF,0,64,6,0,1590913982.725592,1883,58727,8,0,A,509,0,3,0,0.0,0.0,0.0,77.0,77.0,0.0,0.0,154.0,4.0,0.0,72.116685,72.116685,-7.7e-05,1.002009,0.49811380282742157,12244.0,66.0,210.0,22.977071605402283,154.0,1240.0,0.0,17.0,8.413956820836715,0.0
4,5,0,69,DF,0,64,6,0,1590913983.726482,58727,1883,8,0,PA,502,0,3,0,0.0,0.0,0.0,77.0,78.0,0.0,0.0,155.0,4.0,0.0,73.117575,73.117575,-7.7e-05,1.002009,0.4983905713983614,12327.0,66.0,210.0,22.90840631754102,155.0,1257.0,0.0,17.0,8.417335036461674,0.0
4,5,0,52,DF,0,64,6,0,1590913983.726537,1883,58727,8,0,A,509,0,3,0,0.0,0.0,0.0,78.0,78.0,0.0,0.0,156.0,4.0,0.0,73.11763,73.11763,-7.7e-05,1.002009,0.49816425334767084,12393.0,66.0,210.0,22.85443322256162,156.0,1257.0,0.0,17.0,8.415224593721737,0.0
4,5,0,69,DF,0,64,6,0,1590913984.727915,58727,1883,8,0,PA,502,0,3,0,0.0,0.0,0.0,78.0,79.0,0.0,0.0,157.0,4.0,0.0,74.119008,74.119008,-7.7e-05,1.002009,0.4984371437162969,12476.0,66.0,210.0,22.78709009845881,157.0,1274.0,0.0,17.0,8.418514511195442,0.0
4,5,0,52,DF,0,64,6,0,1590913984.727968,1883,58727,8,0,A,509,0,3,0,0.0,0.0,0.0,79.0,79.0,0.0,0.0,158.0,4.0,0.0,74.119061,74.119061,-7.7e-05,1.002009,0.498216239113624,12542.0,66.0,210.0,22.734144948128264,158.0,1274.0,0.0,17.0,8.416456086052847,0.0
4,5,0,69,DF,0,64,6,0,1590913985.729694,58727,1883,8,0,PA,502,0,3,0,0.0,0.0,0.0,79.0,80.0,0.0,0.0,159.0,4.0,0.0,75.120787,75.120787,-7.7e-05,1.002009,0.49848446100424726,12625.0,66.0,210.0,22.668083412692543,159.0,1291.0,0.0,17.0,8.41966112240447,0.0
4,5,0,52,DF,0,64,6,0,1590913985.729747,1883,58727,8,0,A,509,0,3,0,0.0,0.0,0.0,80.0,80.0,0.0,0.0,160.0,4.0,0.0,75.12084,75.12084,-7.7e-05,1.002009,0.4982687659255276,12691.0,66.0,210.0,22.616135016188718,160.0,1291.0,0.0,17.0,8.41765281600623,0.0
4,5,0,69,DF,0,64,6,0,1590913986.731430,58727,1883,8,0,PA,502,0,3,0,0.0,0.0,0.0,80.0,81.0,0.0,0.0,161.0,4.0,0.0,76.122523,76.122523,-7.7e-05,1.002009,0.4985299082376868,12774.0,66.0,210.0,22.55131620388744,161.0,1308.0,0.0,17.0,8.420776214203144,0.0
4,5,0,52,DF,0,64,6,0,1590913986.731486,1883,58727,8,0,A,509,0,3,0,0.0,0.0,0.0,81.0,81.0,0.0,0.0,162.0,4.0,0.0,76.122579,76.122579,-7.7e-05,1.002009,0.4983192238881605,12840.0,66.0,210.0,22.50033466953245,162.0,1308.0,0.0,17.0,8.41881621896098,0.0
4,5,0,68,DF,0,64,6,0,1590913987.732516,58727,1883,8,0,PA,502,0,3,0,0.0,0.0,0.0,81.0,82.0,0.0,0.0,163.0,4.0,0.0,77.123609,77.123609,-7.7e-05,1.002009,0.4985695725932067,12922.0,66.0,210.0,22.435346672580753,163.0,1324.0,0.0,17.0,8.415720890121756,0.0
4,5,0,52,DF,0,64,6,0,1590913987.732569,1883,58727,8,0,A,509,0,3,0,0.0,0.0,0.0,82.0,82.0,0.0,0.0,164.0,4.0,0.0,77.123662,77.123662,-7.7e-05,1.002009,0.4983637613639042,12988.0,66.0,210.0,22.385290396132685,164.0,1324.0,0.0,17.0,8.413807652301998,0.0
4,5,0,69,DF,0,64,6,0,1590913988.734007,58727,1883,8,0,PA,502,0,3,0,0.0,0.0,0.0,82.0,83.0,0.0,0.0,165.0,4.0,0.0,78.1251,78.1251,-7.7e-05,1.002009,0.49861055403112453,13071.0,66.0,210.0,22.322860196411863,165.0,1341.0,0.0,17.0,8.416855646857938,0.0
4,5,0,52,DF,0,64,6,0,1590913988.734054,1883,58727,8,0,A,509,0,3,0,0.0,0.0,0.0,83.0,83.0,0.0,0.0,166.0,4.0,0.0,78.125147,78.125147,-7.7e-05,1.002009,0.49840946485788973,13137.0,66.0,210.0,22.27371495736821,166.0,1341.0,0.0,17.0,8.414987325189268,0.0
4,5,0,69,DF,0,64,6,0,1590913989.735596,58727,1883,8,0,PA,502,0,3,0,0.0,0.0,0.0,83.0,84.0,0.0,0.0,167.0,4.0,0.0,79.126689,79.126689,-7.7e-05,1.002009,0.49865089646532657,13220.0,66.0,210.0,22.21242009478365,167.0,1358.0,0.0,17.0,8.417960502075376,0.0
4,5,0,52,DF,0,64,6,0,1590913989.735640,1883,58727,8,0,A,509,0,3,0,0.0,0.0,0.0,84.0,84.0,0.0,0.0,168.0,4.0,0.0,79.126733,79.126733,-7.7e-05,1.002009,0.4984543532533698,13286.0,66.0,210.0,22.164159492303607,168.0,1358.0,0.0,17.0,8.416135533922281,0.0
4,5,0,69,DF,0,64,6,0,1590913990.737335,58727,1883,8,0,PA,502,0,3,0,0.0,0.0,0.0,84.0,85.0,0.0,0.0,169.0,4.0,0.0,80.128428,80.128428,-7.7e-05,1.002009,0.4986909249777301,13369.0,66.0,210.0,22.10396708592396,169.0,1375.0,0.0,17.0,8.419036614410992,0.0
4,5,0,52,DF,0,64,6,0,1590913990.737373,1883,58727,8,0,A,509,0,3,0,0.0,0.0,0.0,85.0,85.0,0.0,0.0,170.0,4.0,0.0,80.128466,80.128466,-7.7e-05,1.002009,0.4984987917410649,13435.0,66.0,210.0,22.05656576959798,170.0,1375.0,0.0,17.0,8.417253508758044,0.0
4,5,0,69,DF,0,64,6,0,1590913991.738613,58727,1883,8,0,PA,502,0,3,0,0.0,0.0,0.0,85.0,86.0,0.0,0.0,171.0,4.0,0.0,81.129706,81.129706,-7.7e-05,1.002009,0.49872690453177837,13518.0,66.0,210.0,21.997444246234018,171.0,1392.0,0.0,17.0,8.42008508373505,0.0
4,5,0,52,DF,0,64,6,0,1590913991.738668,1883,58727,8,0,A,509,0,3,0,0.0,0.0,0.0,86.0,86.0,0.0,0.0,172.0,4.0,0.0,81.129761,81.129761,-7.7e-05,1.002009,0.4985389139576492,13584.0,66.0,210.0,21.950877863106953,172.0,1392.0,0.0,17.0,8.418342417132221,0.0
4,5,0,69,DF,0,64,6,0,1590913992.740341,58727,1883,8,0,PA,502,0,3,0,0.0,0.0,0.0,86.0,87.0,0.0,0.0,173.0,4.0,0.0,82.131434,82.131434,-7.7e-05,1.002009,0.49876431009453326,13667.0,66.0,210.0,21.892796891369525,173.0,1409.0,0.0,17.0,8.421106954813075,0.0
4,5,0,52,DF,0,64,6,0,1590913992.740397,1883,58727,8,0,A,509,0,3,0,0.0,0.0,0.0,87.0,87.0,0.0,0.0,174.0,4.0,0.0,82.13149,82.13149,-7.7e-05,1.002009,0.4985804102866929,13733.0,66.0,210.0,21.847042036188146,174.0,1409.0,0.0,17.0,8.419403367593302,0.0
4,5,0,69,DF,0,64,6,0,1590913993.742135,58727,1883,8,0,PA,502,0,3,0,0.0,0.0,0.0,87.0,88.0,0.0,0.0,175.0,4.0,0.0,83.133228,83.133228,-7.7e-05,1.002009,0.49880095469579616,13816.0,66.0,210.0,21.789972464559867,175.0,1426.0,0.0,17.0,8.422103220698409,0.0
4,5,0,52,DF,0,64,6,0,1590913993.742186,1883,58727,8,0,A,509,0,3,0,0.0,0.0,0.0,88.0,88.0,0.0,0.0,176.0,4.0,0.0,83.133279,83.133279,-7.7e-05,1.002009,0.49862104470981095,13882.0,66.0,210.0,21.74500663301565,176.0,1426.0,0.0,17.0,8.420437413446301,0.0
4,5,0,69,DF,0,64,6,0,1590913994.743915,58727,1883,8,0,PA,502,0,3,0,0.0,0.0,0.0,88.0,89.0,0.0,0.0,177.0,4.0,0.0,84.135008,84.135008,-7.7e-05,1.002009,0.49883646162337897,13965.0,66.0,210.0,21.688920431650924,177.0,1443.0,0.0,17.0,8.42307482587814,0.0
4,5,0,52,DF,0,64,6,0,1590913994.743966,1883,58727,8,0,A,509,0,3,0,0.0,0.0,0.0,89.0,89.0,0.0,0.0,178.0,4.0,0.0,84.135059,84.135059,-7.7e-05,1.002009,0.4986603880680612,14031.0,66.0,210.0,21.644721976407514,178.0,1443.0,0.0,17.0,8.421445556130616,0.0
4,5,0,69,DF,0,64,6,0,1590913995.745711,58727,1883,8,0,PA,502,0,3,0,0.0,0.0,0.0,89.0,90.0,0.0,0.0,179.0,4.0,0.0,85.136804,85.136804,-7.7e-05,1.002009,0.49887100025228825,14114.0,66.0,210.0,21.589592182398768,179.0,1460.0,0.0,17.0,8.424022669193013,0.0
4,5,0,52,DF,0,64,6,0,1590913995.745779,1883,58727,8,0,A,509,0,3,0,0.0,0.0,0.0,90.0,90.0,0.0,0.0,180.0,4.0,0.0,85.136872,85.136872,-7.7e-05,1.002009,0.49869855461838186,14180.0,66.0,210.0,21.546140271710396,180.0,1460.0,0.0,17.0,8.422428748354296,0.0
4,5,0,69,DF,0,64,6,0,1590913996.746492,58727,1883,8,0,PA,502,0,3,0,0.0,0.0,0.0,90.0,91.0,0.0,0.0,181.0,4.0,0.0,86.137585,86.137585,-7.7e-05,1.002009,0.498898404719327,14263.0,66.0,210.0,21.49194093757925,181.0,1477.0,0.0,17.0,8.424947606549987,0.0
4,5,0,52,DF,0,64,6,0,1590913996.746549,1883,58727,8,0,A,509,0,3,0,0.0,0.0,0.0,91.0,91.0,0.0,0.0,182.0,4.0,0.0,86.137642,86.137642,-7.7e-05,1.002009,0.4987296177169208,14329.0,66.0,210.0,21.449215516321814,182.0,1477.0,0.0,17.0,8.423387897004886,0.0
4,5,0,69,DF,0,64,6,0,1590913997.748246,58727,1883,8,0,PA,502,0,3,0,0.0,0.0,0.0,91.0,92.0,0.0,0.0,183.0,4.0,0.0,87.139339,87.139339,-7.7e-05,1.002009,0.49893070514448,14412.0,66.0,210.0,21.395921661513334,183.0,1494.0,0.0,17.0,8.425850453444347,0.0
4,5,0,52,DF,0,64,6,0,1590913997.748302,1883,58727,8,0,A,509,0,3,0,0.0,0.0,0.0,92.0,92.0,0.0,0.0,184.0,4.0,0.0,87.139395,87.139395,-7.7e-05,1.002009,0.4987654110796283,14478.0,66.0,210.0,21.35390341446377,184.0,1494.0,0.0,17.0,8.424323865855133,0.0
4,5,0,69,DF,0,64,6,0,1590913998.749007,58727,1883,8,0,PA,502,0,3,0,0.0,0.0,0.0,92.0,93.0,0.0,0.0,185.0,4.0,0.0,88.1401,88.1401,-7.7e-05,1.002009,0.4989564158751093,14561.0,66.0,210.0,21.30149097963909,185.0,1511.0,0.0,17.0,8.42673198730676,0.0
4,5,0,52,DF,0,64,6,0,1590913998.749064,1883,58727,8,0,A,509,0,3,0,0.0,0.0,0.0,93.0,93.0,0.0,0.0,186.0,4.0,0.0,88.140157,88.140157,-7.7e-05,1.002009,0.4987944997425161,14627.0,66.0,210.0,21.260161296851503,186.0,1511.0,0.0,17.0,8.425237478080124,0.0
4,5,0,69,DF,0,64,6,0,1590913999.750586,58727,1883,8,0,PA,502,0,3,0,0.0,0.0,0.0,93.0,94.0,0.0,0.0,187.0,4.0,0.0,89.141679,89.141679,-7.7e-05,1.002009,0.49898595993964123,14710.0,66.0,210.0,21.208607100790246,187.0,1528.0,0.0,17.0,8.427592949689204,0.0
4,5,0,52,DF,0,64,6,0,1590913999.750642,1883,58727,8,0,A,509,0,3,0,0.0,0.0,0.0,94.0,94.0,0.0,0.0,188.0,4.0,0.0,89.141735,89.141735,-7.7e-05,1.002009,0.4988273273617002,14776.0,66.0,210.0,21.167948044928917,188.0,1528.0,0.0,17.0,8.426129518601016,0.0
4,5,0,68,DF,0,64,6,0,1590914000.752380,58727,1883,8,0,PA,502,0,3,0,0.0,0.0,0.0,94.0,95.0,0.0,0.0,189.0,4.0,0.0,90.143473,90.143473,-7.7e-05,1.002009,0.4990158735486067,14858.0,66.0,210.0,21.11586999054705,189.0,1544.0,0.0,17.0,8.423176616431975,0.0
4,5,0,52,DF,0,64,6,0,1590914000.752438,1883,58727,8,0,A,509,0,3,0,0.0,0.0,0.0,95.0,95.0,0.0,0.0,190.0,4.0,0.0,90.143531,90.143531,-7.7e-05,1.002009,0.49886041079696386,14924.0,66.0,210.0,21.07585482082778,190.0,1544.0,0.0,17.0,8.42174321868984,0.0
4,5,0,69,DF,0,64,6,0,1590914001.754136,58727,1883,8,0,PA,502,0,3,0,0.0,0.0,0.0,95.0,96.0,0.0,0.0,191.0,4.0,0.0,91.145229,91.145229,-7.7e-05,1.002009,0.49904472151116713,15007.0,66.0,210.0,21.025962325804336,191.0,1561.0,0.0,17.0,8.424056539183786,0.0
4,5,0,52,DF,0,64,6,0,1590914001.754194,1883,58727,8,0,A,509,0,3,0,0.0,0.0,0.0,96.0,96.0,0.0,0.0,192.0,4.0,0.0,91.145287,91.145287,-7.7e-05,1.002009,0.49889234400629545,15073.0,66.0,210.0,20.986584012877504,192.0,1561.0,0.0,17.0,8.422652326178428,0.0
4,5,0,69,DF,0,64,6,0,1590914002.755940,58727,1883,8,0,PA,502,0,3,0,0.0,0.0,0.0,96.0,97.0,0.0,0.0,193.0,4.0,0.0,92.147033,92.147033,-7.7e-05,1.002009,0.4990730339165666,15156.0,66.0,210.0,20.937484953632083,193.0,1578.0,0.0,17.0,8.424916654723228,0.0
4,5,0,52,DF,0,64,6,0,1590914002.755994,1883,58727,8,0,A,509,0,3,0,0.0,0.0,0.0,97.0,97.0,0.0,0.0,194.0,4.0,0.0,92.147087,92.147087,-7.7e-05,1.002009,0.498923669806419,15222.0,66.0,210.0,20.898727392957007,194.0,1578.0,0.0,17.0,8.423540744434481,0.0
4,5,0,69,DF,0,64,6,0,1590914003.757747,58727,1883,8,0,PA,502,0,3,0,0.0,0.0,0.0,97.0,98.0,0.0,0.0,195.0,4.0,0.0,93.14884,93.14884,-7.7e-05,1.002009,0.49910063039163033,15305.0,66.0,210.0,20.850401718303385,195.0,1595.0,0.0,17.0,8.425757621023575,0.0
4,5,0,52,DF,0,64,6,0,1590914003.757814,1883,58727,8,0,A,509,0,3,0,0.0,0.0,0.0,98.0,98.0,0.0,0.0,196.0,4.0,0.0,93.148907,93.148907,-7.7e-05,1.002009,0.49895411122327116,15371.0,66.0,210.0,20.812249364691226,196.0,1595.0,0.0,17.0,8.424409166605342,0.0
4,5,0,68,DF,0,64,6,0,1590914004.758485,58727,1883,8,0,PA,502,0,3,0,0.0,0.0,0.0,98.0,99.0,0.0,0.0,197.0,4.0,0.0,94.149578,94.149578,-7.7e-05,1.002009,0.4991216418632327,15453.0,66.0,210.0,20.763325158600946,197.0,1611.0,0.0,17.0,8.421541173937712,0.0
4,5,0,52,DF,0,64,6,0,1590914004.758541,1883,58727,8,0,A,509,0,3,0,0.0,0.0,0.0,99.0,99.0,0.0,0.0,198.0,4.0,0.0,94.149634,94.149634,-7.7e-05,1.002009,0.4989779998863883,15519.0,66.0,210.0,20.72575435898719,198.0,1611.0,0.0,17.0,8.420219254478669,0.0
4,5,0,69,DF,0,64,6,0,1590914005.760148,58727,1883,8,0,PA,502,0,3,0,0.0,0.0,0.0,99.0,100.0,0.0,0.0,199.0,4.0,0.0,95.151241,95.151241,-7.7e-05,1.002009,0.4991470565202369,15602.0,66.0,210.0,20.678929001948084,199.0,1628.0,0.0,17.0,8.422399019181695,0.0
4,5,0,52,DF,0,64,6,0,1590914005.760206,1883,58727,8,0,A,509,0,3,0,0.0,0.0,0.0,100.0,100.0,0.0,0.0,200.0,4.0,0.0,95.151299,95.151299,-7.7e-05,1.002009,0.4990061473706256,15668.0,66.0,210.0,20.64193408267794,200.0,1628.0,0.0,17.0,8.421102948804975,0.0
4,5,0,69,DF,0,64,6,0,1590914006.761872,58727,1883,8,0,PA,502,0,3,0,0.0,0.0,0.0,100.0,101.0,0.0,0.0,201.0,4.0,0.0,96.152965,96.152965,-7.7e-05,1.002009,0.4991720952125998,15751.0,66.0,210.0,20.595825887739657,201.0,1645.0,0.0,17.0,8.42323840774033,0.0
4,5,0,52,DF,0,64,6,0,1590914006.761928,1883,58727,8,0,A,509,0,3,0,0.0,0.0,0.0,101.0,101.0,0.0,0.0,202.0,4.0,0.0,96.153021,96.153021,-7.7e-05,1.002009,0.4990338597375457,15817.0,66.0,210.0,20.55939283327075,202.0,1645.0,0.0,17.0,8.421967435870464,0.0
4,5,0,69,DF,0,64,6,0,1590914007.763583,58727,1883,8,0,PA,502,0,3,0,0.0,0.0,0.0,101.0,102.0,0.0,0.0,203.0,4.0,0.0,97.154676,97.154676,-7.7e-05,1.002009,0.49919642933835473,15900.0,66.0,210.0,20.51398435804942,203.0,1662.0,0.0,17.0,8.424059926254424,0.0
4,5,0,52,DF,0,64,6,0,1590914007.763640,1883,58727,8,0,A,509,0,3,0,0.0,0.0,0.0,102.0,102.0,0.0,0.0,204.0,4.0,0.0,97.154733,97.154733,-7.7e-05,1.002009,0.49906077877414656,15966.0,66.0,210.0,20.47809962136536,204.0,1662.0,0.0,17.0,8.42281333108575,0.0
4,5,0,69,DF,0,64,6,0,1590914008.764473,58727,1883,8,0,PA,502,0,3,0,0.0,0.0,0.0,102.0,103.0,0.0,0.0,205.0,4.0,0.0,98.155566,98.155566,-7.7e-05,1.002009,0.4992159163341769,16049.0,66.0,210.0,20.433374006251444,205.0,1679.0,0.0,17.0,8.424864136859046,0.0
4,5,0,52,DF,0,64,6,0,1590914008.764527,1883,58727,8,0,A,509,0,3,0,0.0,0.0,0.0,103.0,103.0,0.0,0.0,206.0,4.0,0.0,98.15562,98.15562,-7.7e-05,1.002009,0.4990827980952103,16115.0,66.0,210.0,20.39802448898146,206.0,1679.0,0.0,17.0,8.423641223990881,0.0
4,5,0,69,DF,0,64,6,0,1590914009.766289,58727,1883,8,0,PA,502,0,3,0,0.0,0.0,0.0,103.0,104.0,0.0,0.0,207.0,4.0,0.0,99.157382,99.157382,-7.7e-05,1.002009,0.4992396040888525,16198.0,66.0,210.0,20.353965432421102,207.0,1696.0,0.0,17.0,8.425651578445665,0.0
4,5,0,52,DF,0,64,6,0,1590914009.766344,1883,58727,8,0,A,509,0,3,0,0.0,0.0,0.0,104.0,104.0,0.0,0.0,208.0,4.0,0.0,99.157437,99.157437,-7.7e-05,1.002009,0.49910892902178994,16264.0,66.0,210.0,20.319138465979364,208.0,1696.0,0.0,17.0,8.424451679594398,0.0
